[
  {
    "element_identifier": "3b2a2bd6-9a25-45a1-abae-4dd5561090c6-1739228284550",
    "volume": 1.0
  },
  {
    "element_identifier": "1ef32cf1-ae5c-405f-846b-b95f0dcd5cbd-1739101689374",
    "volume": 1.0
  },
  {
    "element_identifier": "5de72d26-a106-4706-b90c-5e3d8b26571f-1739101693964",
    "volume": 1.0
  },
  {
    "element_identifier": "55016ca2-e2b0-45d8-a1d8-d7a37306a337-1739101683175",
    "volume": 1.0
  },
  {
    "element_identifier": "3e0daf2e-8844-4dac-87ed-cc4a8c02bef8-1739101692999",
    "volume": 1.0
  },
  {
    "element_identifier": "c6cfa26f-3ad4-4684-bc74-82c4e9419980-1739101693977",
    "volume": 1.0
  },
  {
    "element_identifier": "66b6ecb6-7105-4e1d-8908-450168501bff-1739101683016",
    "volume": 1.0
  },
  {
    "element_identifier": "081a2302-db13-43a1-966c-806c160b4eaf-1739101680170",
    "volume": 1.0
  },
  {
    "element_identifier": "3d917c72-efa7-4505-a2ed-dadff22c5b2f-1739101680301",
    "volume": 1.0
  },
  {
    "element_identifier": "4fce6310-c6a9-40bc-a319-41eca3816611-1739228281794",
    "volume": 1.0
  },
  {
    "element_identifier": "7ee24b7b-6729-4fef-85bf-e1e716d05ccb-1739228281694",
    "volume": 1.0
  },
  {
    "element_identifier": "23b71ab0-00f5-4114-9d1a-10265efe381d-1739228283626",
    "volume": 1.0
  },
  {
    "element_identifier": "127f7bab-7ca6-473c-9531-1fa506552756-1739101693874",
    "volume": 1.0
  },
  {
    "element_identifier": "8523d1c1-44b7-4f05-9974-ad20322aaca1-1739228281646",
    "volume": 1.0
  },
  {
    "element_identifier": "2f5bda6f-9561-4394-8451-c548bbb4479f-1739101689114",
    "volume": 1.0
  },
  {
    "element_identifier": "af396ef0-2f3b-4078-8873-19f1e7ef734c-1739228360238",
    "volume": 1.0
  },
  {
    "element_identifier": "50e6a87d-2599-45b2-8b78-1d13e32cfe6f-1739101683141",
    "volume": 1.0
  },
  {
    "element_identifier": "8c721274-a3e4-4ebd-b744-e57893fa2aff-1739101683310",
    "volume": 1.0
  },
  {
    "element_identifier": "c218dfb5-bf23-4a02-a2cf-e2f7695e2618-1739228279556",
    "volume": 1.0
  },
  {
    "element_identifier": "e9f293ab-8832-4130-a281-79d19e03d1f4-1739101680199",
    "volume": 1.0
  },
  {
    "element_identifier": "a56cc0ca-7fd6-46a5-a217-f51b3c57828b-1739228260000",
    "volume": 1.0
  },
  {
    "element_identifier": "4d76df6f-46af-41c0-bdb5-f55831c142da-1739101683369",
    "volume": 1.0
  },
  {
    "element_identifier": "350ca3da-89a6-4ab1-9376-c7330d38386d-1739101693854",
    "volume": 1.0
  },
  {
    "element_identifier": "5b8ce51e-c69e-48a0-8986-e79650d7ccfa-1739230069238",
    "volume": 1.0
  },
  {
    "element_identifier": "490ae3a3-6b1d-4aeb-b5eb-05cd70f743c0-1739228264130",
    "volume": 1.0
  },
  {
    "element_identifier": "5ab31e12-33d7-4786-a5ec-42032cd48110-1739101692994",
    "volume": 1.0
  },
  {
    "element_identifier": "d94bd4c3-3afb-48f7-ba77-eb06a36f66bd-1739101692988",
    "volume": 1.0
  },
  {
    "element_identifier": "bbfe088a-34f3-46b8-ae38-939fa1f1800f-1739101689192",
    "volume": 1.0
  },
  {
    "element_identifier": "e675ad5d-1a82-49f2-bc0c-cd8b363e447c-1739101682950",
    "volume": 1.0
  },
  {
    "element_identifier": "f50606fc-7c5d-419b-9c49-d1855283666c-1739101683146",
    "volume": 1.0
  },
  {
    "element_identifier": "ce86eab5-2d13-4743-9a8c-7802b8268de9-1739101683354",
    "volume": 1.0
  },
  {
    "element_identifier": "8bd8afff-0005-42e0-af0a-2fe55942ebc3-1739101681186",
    "volume": 1.0
  },
  {
    "element_identifier": "0785b23c-6c88-491e-bf8c-823910ef2f59-1739101683391",
    "volume": 1.0
  },
  {
    "element_identifier": "0c3efa15-43fe-40a5-b9a8-b31953a11962-1739101693207",
    "volume": 1.0
  },
  {
    "element_identifier": "376ab4eb-d2dc-4fa8-a8b7-aeb7e51c5f34-1739101680217",
    "volume": 1.0
  },
  {
    "element_identifier": "912c72e6-00bb-4672-920c-92d7cb699d20-1739101693022",
    "volume": 1.0
  },
  {
    "element_identifier": "fb1412c1-21d4-47b4-b74c-fd2cc3d7eb7b-1739101683520",
    "volume": 1.0
  },
  {
    "element_identifier": "f664dd80-c938-4cf7-9aa1-9b86800f3b8c-1739101680239",
    "volume": 1.0
  },
  {
    "element_identifier": "8702c946-1c56-4bc8-a4c6-45d39e7250bf-1739101693230",
    "volume": 1.0
  },
  {
    "element_identifier": "32f2053d-a2e7-4ecb-bbbe-bdaaeb6879bb-1739228279322",
    "volume": 1.0
  },
  {
    "element_identifier": "b8b7fd26-5446-4e74-ac10-7f14955f9d0f-1739228360306",
    "volume": 1.0
  },
  {
    "element_identifier": "a847608e-5e11-4fdf-b3e8-7dc5f86b8033-1739230154756",
    "volume": 1.0
  },
  {
    "element_identifier": "c27b72d2-316c-429e-a963-e3cd6fe37a44-1739101680091",
    "volume": 1.0
  },
  {
    "element_identifier": "6a617853-e953-4793-bec4-15b61e87ab80-1739101681261",
    "volume": 1.0
  },
  {
    "element_identifier": "1a103400-cc1f-4b02-94b5-f03d2fb8edc5-1739228285144",
    "volume": 1.0
  },
  {
    "element_identifier": "b09ee71e-2c34-42ff-8f30-aeea14548af0-1739101683245",
    "volume": 1.0
  },
  {
    "element_identifier": "466942ad-f4c0-42df-991d-75c9bd205e7d-1739101689241",
    "volume": 1.0
  },
  {
    "element_identifier": "85a9d884-a1d8-4520-b765-a356d1c6fb45-1739101689366",
    "volume": 1.0
  },
  {
    "element_identifier": "934da9b8-3cf0-4ea4-a7a3-df39b2034353-1739101693831",
    "volume": 1.0
  },
  {
    "element_identifier": "0a8f7f9a-6bbd-4e2a-bf8c-568b43ee17db-1739101681180",
    "volume": 1.0
  },
  {
    "element_identifier": "907534d2-7c15-49c1-ba04-de940ff4d110-1739101681288",
    "volume": 1.0
  },
  {
    "element_identifier": "4b58b7b0-66b8-4e73-ab50-8679c0e222af-1739101693927",
    "volume": 1.0
  },
  {
    "element_identifier": "bc57f518-702d-478f-88b6-fbb8da85b4b9-1739228299347",
    "volume": 1.0
  },
  {
    "element_identifier": "421de339-ba1e-47ac-ba03-267d20a5e29c-1739101682922",
    "volume": 1.0
  },
  {
    "element_identifier": "8bcdb349-4fe4-4ddd-8710-87b596c85cb0-1739230117072",
    "volume": 1.0
  },
  {
    "element_identifier": "e9e68dc3-c029-4a19-9076-7a1b7565defa-1739101681199",
    "volume": 1.0
  },
  {
    "element_identifier": "cb627608-1725-42f4-9043-77847a47cadc-1739228360255",
    "volume": 1.0
  },
  {
    "element_identifier": "2446db97-c0ba-448b-82ef-57aef514ac11-1739101689333",
    "volume": 1.0
  },
  {
    "element_identifier": "65b6d538-39a0-4ed6-8e2e-f58834178b71-1739101693913",
    "volume": 1.0
  },
  {
    "element_identifier": "0ac2a554-ecab-413b-bf2a-a9fa10c2719d-1739230077424",
    "volume": 1.0
  },
  {
    "element_identifier": "e1a4c103-d378-44e6-ac27-e3462d0b2137-1739228181516",
    "volume": 1.0
  },
  {
    "element_identifier": "1ee21dad-71de-40be-b658-0c314b9f02c6-1739101693787",
    "volume": 1.0
  },
  {
    "element_identifier": "d367f4f7-c9ab-46ef-a7af-75a78c990471-1739101683092",
    "volume": 1.0
  },
  {
    "element_identifier": "8165709e-55a6-49c4-a102-29cddc7ecc03-1739228254244",
    "volume": 1.0
  },
  {
    "element_identifier": "34e8720e-75f5-4339-b35f-a0421e3fae76-1739228295984",
    "volume": 1.0
  },
  {
    "element_identifier": "16160b0d-fd61-4411-8939-263bd537a968-1739101681163",
    "volume": 1.0
  },
  {
    "element_identifier": "310943a0-ae81-4f89-a19b-5dbbfc9f7949-1739101683117",
    "volume": 1.0
  },
  {
    "element_identifier": "bfab1c76-3852-4146-bf18-2e72f1535d80-1739228280929",
    "volume": 1.0
  },
  {
    "element_identifier": "7f33b3fe-9ce6-4f64-8474-a7fd26593e10-1739228283807",
    "volume": 1.0
  },
  {
    "element_identifier": "558a591f-df3d-40b4-9578-dd958eba1718-1739101689211",
    "volume": 1.0
  },
  {
    "element_identifier": "e6befd43-0954-4af7-b89b-e7cfe4998791-1739101693973",
    "volume": 1.0
  },
  {
    "element_identifier": "76139a05-e8b0-4897-be79-62c9efa0c9db-1739101683023",
    "volume": 1.0
  },
  {
    "element_identifier": "3743ded1-ced1-4ba2-bac0-bf407a6c0ba4-1739101689275",
    "volume": 1.0
  },
  {
    "element_identifier": "90d27548-cb23-4522-a881-781aa1d9e935-1739228279570",
    "volume": 1.0
  },
  {
    "element_identifier": "f760d8a9-0078-43b9-b5b3-2105bacd6ce1-1739101680293",
    "volume": 1.0
  },
  {
    "element_identifier": "e346dd62-51d3-45d2-a07a-50063b2ff04f-1739101683322",
    "volume": 1.0
  },
  {
    "element_identifier": "06fbc797-fb8e-47e7-ad69-f6ba0663e6b9-1739101683551",
    "volume": 1.0
  },
  {
    "element_identifier": "24d92938-91a4-45bc-be8a-2c76f3606eca-1739228176118",
    "volume": 1.0
  },
  {
    "element_identifier": "d7e7d33f-77b9-4151-993d-15eb7f64a24d-1739101681349",
    "volume": 1.0
  },
  {
    "element_identifier": "0c4c339d-1570-4093-aa88-a24001992c7f-1739264030930",
    "volume": 1.0
  },
  {
    "element_identifier": "6428192f-9373-4ca2-9ebd-aa55981661b9-1739101682857",
    "volume": 1.0
  },
  {
    "element_identifier": "64750a7d-ada9-4534-9422-3cbd3f7df35b-1739101683075",
    "volume": 1.0
  },
  {
    "element_identifier": "35012d56-43c8-40eb-a36c-857d7b9571ad-1739101683396",
    "volume": 1.0
  },
  {
    "element_identifier": "666e87a4-2d0e-44b9-94e5-c990123b7aa7-1739228285099",
    "volume": 1.0
  },
  {
    "element_identifier": "30eb4969-e557-41fc-9523-56ad3c224695-1739101679954",
    "volume": 1.0
  },
  {
    "element_identifier": "897594cd-3d68-4bb8-bfe0-1bcfa8531512-1739101689087",
    "volume": 1.0
  },
  {
    "element_identifier": "b9707cb5-7d4b-4e78-880b-ec4d896383a2-1739263183721",
    "volume": 1.0
  },
  {
    "element_identifier": "3c1eb4d8-5b88-43bb-9ac7-251b5be24f8c-1739228278739",
    "volume": 1.0
  },
  {
    "element_identifier": "c911dae0-2b95-4ad1-bc41-840855a5f095-1739101689151",
    "volume": 1.0
  },
  {
    "element_identifier": "ef913573-6925-451d-b8a6-c965acd851cf-1739122351227",
    "volume": 1.0
  },
  {
    "element_identifier": "2a45436c-a21b-4ee4-a9f5-bc9d64515136-1739101689185",
    "volume": 1.0
  },
  {
    "element_identifier": "298f48c7-19b2-4f3f-8bcb-60ae3b089575-1739123419907",
    "volume": 1.0
  },
  {
    "element_identifier": "b3c366e8-9731-4f21-b052-e0c25f3a154d-1739101683041",
    "volume": 1.0
  },
  {
    "element_identifier": "b5c67d0e-6b7b-472e-80cc-4f8df33ea893-1739101679941",
    "volume": 1.0
  },
  {
    "element_identifier": "3443da0b-09ff-4b0c-93ba-c04fa19b7afa-1739228284480",
    "volume": 1.0
  },
  {
    "element_identifier": "e31feb5e-beef-4133-8f80-e6251d369c41-1739263182119",
    "volume": 1.0
  },
  {
    "element_identifier": "6afaf783-8d08-4f48-965c-67bbd80ec83b-1739101693110",
    "volume": 1.0
  },
  {
    "element_identifier": "9fc468fa-0437-4b1f-997e-7b815f31d3a0-1739101683258",
    "volume": 1.0
  },
  {
    "element_identifier": "bcd2a0f0-41e6-4509-8be8-7bb9f957754b-1739101683086",
    "volume": 1.0
  },
  {
    "element_identifier": "e6806f08-7a1c-4e40-a06f-c09d50365e27-1739101693201",
    "volume": 1.0
  },
  {
    "element_identifier": "34212ddd-7c57-42f3-b02c-83441484ecc3-1739101680084",
    "volume": 1.0
  },
  {
    "element_identifier": "610fd3a0-0dfd-4335-84c8-42bfe6a90ec4-1739101681110",
    "volume": 1.0
  },
  {
    "element_identifier": "6cb31ede-0b66-4d31-b753-a9be7a00dd74-1739228277323",
    "volume": 1.0
  },
  {
    "element_identifier": "3a0b898d-5260-4acd-9a03-3c4140ac5e7c-1739228359129",
    "volume": 1.0
  },
  {
    "element_identifier": "080689f2-39cb-4b64-99bd-e7e3b0d52f73-1739101681193",
    "volume": 1.0
  },
  {
    "element_identifier": "91b57f81-76e9-45e1-8e10-ef641708110f-1739101682841",
    "volume": 1.0
  },
  {
    "element_identifier": "2870c889-4dd4-4934-af13-ec02b7e83c73-1739230126617",
    "volume": 1.0
  },
  {
    "element_identifier": "c17a08d0-f14c-413a-b2b9-de5de61bde50-1739101693098",
    "volume": 1.0
  },
  {
    "element_identifier": "1897df42-bdbf-4423-aa89-faf3590463ef-1739228284642",
    "volume": 1.0
  },
  {
    "element_identifier": "25e6596b-d0e9-4be2-9dd1-8503e379c7a4-1739101683460",
    "volume": 1.0
  },
  {
    "element_identifier": "08975737-f654-48ed-b31c-9e990441a590-1739228281012",
    "volume": 1.0
  },
  {
    "element_identifier": "b3a5bce1-64e3-4372-9353-c946dca5361d-1739228286875",
    "volume": 1.0
  },
  {
    "element_identifier": "79fda201-d3ac-4708-865e-1443208793b1-1739101679928",
    "volume": 1.0
  },
  {
    "element_identifier": "b3780282-7915-4e3b-baa4-9ba46b3636cc-1739101693870",
    "volume": 1.0
  },
  {
    "element_identifier": "f5e45685-56c9-4b35-bf90-1f39c692508d-1739228284592",
    "volume": 1.0
  },
  {
    "element_identifier": "2a14e2af-c903-4a8b-b326-0cad677d1a5c-1739101693085",
    "volume": 1.0
  },
  {
    "element_identifier": "97f10348-0201-4841-9a6b-b8bf807d65b9-1739228279456",
    "volume": 1.0
  },
  {
    "element_identifier": "c994fe9f-c806-439a-8e6c-e51204f87f94-1739101689392",
    "volume": 1.0
  },
  {
    "element_identifier": "2f5aac3d-9257-404f-9206-a7ef281de6ea-1739101693120",
    "volume": 1.0
  },
  {
    "element_identifier": "857d50de-5ed3-465e-be0f-16886fb1e690-1739101680233",
    "volume": 1.0
  },
  {
    "element_identifier": "6f2969ee-b145-465c-aa7f-6b6536fce604-1739228279307",
    "volume": 1.0
  },
  {
    "element_identifier": "f4e1ac0b-2209-44e3-ab60-1400dcad9639-1739228285114",
    "volume": 1.0
  },
  {
    "element_identifier": "e7467a49-0b90-4e7e-8c3c-e32c2050c72c-1739101673976",
    "volume": 1.0
  },
  {
    "element_identifier": "49b2a6d3-3a5a-4843-a096-950d72610458-1739228279409",
    "volume": 1.0
  },
  {
    "element_identifier": "d2c0d24b-ae37-40f9-ab77-3d5b4bbb0457-1739101683184",
    "volume": 1.0
  },
  {
    "element_identifier": "23bb329b-1a79-4d89-82bb-0517e3611b6c-1739101693155",
    "volume": 1.0
  },
  {
    "element_identifier": "639d34fd-6ea6-4968-84a8-28a11c33865d-1739122371175",
    "volume": 1.0
  },
  {
    "element_identifier": "76346b1e-a69d-4d2a-bfcc-6aa4b861b94a-1739101683199",
    "volume": 1.0
  },
  {
    "element_identifier": "668327f6-f7da-4306-9948-501bec1e1d90-1739101681362",
    "volume": 1.0
  },
  {
    "element_identifier": "076e6585-3f49-4020-8487-72740f2698cc-1739228279610",
    "volume": 1.0
  },
  {
    "element_identifier": "feb3859f-a8bb-406c-87c1-07fce7f47986-1739101689506",
    "volume": 1.0
  },
  {
    "element_identifier": "b0152b3a-64ee-4876-bc33-3f455de634a1-1739228286334",
    "volume": 1.0
  },
  {
    "element_identifier": "0279389c-6000-46d8-b312-6d100ba1cfe2-1739101693211",
    "volume": 1.0
  },
  {
    "element_identifier": "5705fd35-bafb-4987-9979-765d9afdf308-1739301203366",
    "volume": 1.0
  },
  {
    "element_identifier": "415dd53a-0d12-4d5d-afc5-603bccf572c2-1739228355370",
    "volume": 1.0
  },
  {
    "element_identifier": "74aa0681-4665-4b5e-b443-f4617413206b-1739101680042",
    "volume": 1.0
  },
  {
    "element_identifier": "2547cbc0-cf83-4041-b975-21da56ca0d65-1739101693953",
    "volume": 1.0
  },
  {
    "element_identifier": "84ca469d-8d4f-4b66-8d34-7c7480ad1281-1739228284523",
    "volume": 1.0
  },
  {
    "element_identifier": "33d8450d-9704-4bad-b502-57689179f416-1739101683070",
    "volume": 1.0
  },
  {
    "element_identifier": "43bad1d9-7dd8-4473-a37f-ee2392c8e786-1739101680204",
    "volume": 1.0
  },
  {
    "element_identifier": "735daefa-e967-4c58-bed0-bcc11f4ae4a8-1739228280809",
    "volume": 1.0
  },
  {
    "element_identifier": "9a651755-25d0-4b3e-b95a-b97c76e4a9b3-1739101681300",
    "volume": 1.0
  },
  {
    "element_identifier": "8c176f0e-a3b6-4d81-a359-ebe5e77d60c4-1739101693016",
    "volume": 1.0
  },
  {
    "element_identifier": "f2a8adba-6bcf-47a7-b347-e4c89d711480-1739101683402",
    "volume": 1.0
  },
  {
    "element_identifier": "b398221b-7bb6-45f8-9dc5-c686616ed41f-1739228360223",
    "volume": 1.0
  },
  {
    "element_identifier": "ccb79213-069b-422f-98f7-f8d87df99b90-1739228278558",
    "volume": 1.0
  },
  {
    "element_identifier": "3b1421e3-8519-4155-8052-ff0c12242176-1739101682879",
    "volume": 1.0
  },
  {
    "element_identifier": "6877c7b8-987a-49c3-b45b-361ce28c1e0a-1739228286954",
    "volume": 1.0
  },
  {
    "element_identifier": "fb09b739-60a9-4624-abef-8a353662b060-1739228279542",
    "volume": 1.0
  },
  {
    "element_identifier": "f736a8f9-9361-421a-92a3-2586eb2fb14f-1739101681227",
    "volume": 1.0
  },
  {
    "element_identifier": "857cfd98-7075-4374-91cb-0cc13bcaed39-1739101681325",
    "volume": 1.0
  },
  {
    "element_identifier": "1f0ebcf6-e83a-4b7e-81ee-7e1f0bb5d75e-1739101683470",
    "volume": 1.0
  },
  {
    "element_identifier": "b11c9ad6-75b5-4e60-be35-aebb1404cb9e-1739122295553",
    "volume": 1.0
  },
  {
    "element_identifier": "21ede27a-05ea-481e-baed-27d589d2fd79-1739101682957",
    "volume": 1.0
  },
  {
    "element_identifier": "32ee5ad1-7907-446c-9695-551507bdf407-1739122300207",
    "volume": 1.0
  },
  {
    "element_identifier": "54286c50-9436-4b06-a4d2-ca16df15eaff-1739101682977",
    "volume": 1.0
  },
  {
    "element_identifier": "ce4b8d31-9c70-43cd-abc3-2e554333a982-1739101680154",
    "volume": 1.0
  },
  {
    "element_identifier": "ad1b76a9-bbe3-4af4-b698-a49c88035758-1739101681333",
    "volume": 1.0
  },
  {
    "element_identifier": "d7d0f1d5-42ef-4cd4-b0bf-683e101fed20-1739228284564",
    "volume": 1.0
  },
  {
    "element_identifier": "36337dac-160b-413d-9c78-d944cbe674db-1739101693782",
    "volume": 1.0
  },
  {
    "element_identifier": "d4ba708b-f198-4a09-8403-bfd1b4ea78a1-1739101693837",
    "volume": 1.0
  },
  {
    "element_identifier": "88c2ba3d-19e1-4468-ac27-e1299ecf3b58-1739101681132",
    "volume": 1.0
  },
  {
    "element_identifier": "afd2bfd0-eb4c-4993-9a33-934506716356-1739230657335",
    "volume": 1.0
  },
  {
    "element_identifier": "2da08c3a-e932-4ba7-b22d-a8c55b6fc9e0-1739101683047",
    "volume": 1.0
  },
  {
    "element_identifier": "a278e489-7476-4abd-af6f-9dda4e82da94-1739101693821",
    "volume": 1.0
  },
  {
    "element_identifier": "a5e9aac9-f4a9-465d-ad1b-97ef98c550a7-1739228280823",
    "volume": 1.0
  },
  {
    "element_identifier": "ba051ba5-03d0-4966-bb4b-844fe975804b-1739101683284",
    "volume": 1.0
  },
  {
    "element_identifier": "48a1b061-174c-4642-926a-a81a77f9cf21-1739101666965",
    "volume": 1.0
  },
  {
    "element_identifier": "0b20d852-081c-4902-a2cc-05a61dfd04df-1739101683123",
    "volume": 1.0
  },
  {
    "element_identifier": "ab4b6f09-6122-46b3-bf1b-748cfbc15d72-1739101683107",
    "volume": 1.0
  },
  {
    "element_identifier": "6334585d-2ae3-4ff1-bb24-f0a58acae3c1-1739101693811",
    "volume": 1.0
  },
  {
    "element_identifier": "9cb4184a-8a71-44ff-9ef2-1fb4250fca6d-1739101683233",
    "volume": 1.0
  },
  {
    "element_identifier": "1069909d-2953-4ae6-885b-d7b193955936-1739101681249",
    "volume": 1.0
  },
  {
    "element_identifier": "8a9ea0d1-45a7-44dd-b599-7c02bd132498-1739228285722",
    "volume": 1.0
  },
  {
    "element_identifier": "e5fd53d7-cb4e-4b54-a558-b5ef8b302172-1739101693166",
    "volume": 1.0
  },
  {
    "element_identifier": "cac275d5-c890-4bb5-b2b5-ce6c45a1ecc4-1739101693070",
    "volume": 1.0
  },
  {
    "element_identifier": "f22dc407-e631-4dd6-9b31-0eb460aa637d-1739101682874",
    "volume": 1.0
  },
  {
    "element_identifier": "e443d374-d93d-43d7-a839-24894f6ddba6-1739101694045",
    "volume": 1.0
  },
  {
    "element_identifier": "a43ade35-587f-42bc-a737-2d9387f8e8d6-1739101680282",
    "volume": 1.0
  },
  {
    "element_identifier": "c6728db4-9c1b-496a-8c1a-61c9cb98e903-1739101694039",
    "volume": 1.0
  },
  {
    "element_identifier": "43e542f7-36cd-49dd-bfdf-303a16be5d85-1739101689137",
    "volume": 1.0
  },
  {
    "element_identifier": "8d24f51f-e1fd-4f8d-8a37-ce93334d6a80-1739101683059",
    "volume": 1.0
  },
  {
    "element_identifier": "73b7f148-3914-415c-851f-6ddd730312f3-1739101693172",
    "volume": 1.0
  },
  {
    "element_identifier": "3182063a-6203-4b9f-8144-c59c4a89e362-1739101682932",
    "volume": 1.0
  },
  {
    "element_identifier": "cb5bc82b-5c62-4be2-a2d2-5278ffd27f07-1739101683465",
    "volume": 1.0
  },
  {
    "element_identifier": "14091005-e924-4935-a0d6-36794075ca76-1739101681232",
    "volume": 1.0
  },
  {
    "element_identifier": "b82fdcc2-c84f-48f4-b017-669850a02aa0-1739228286914",
    "volume": 1.0
  },
  {
    "element_identifier": "2d28718b-bc31-4854-94d9-d82b82c3392d-1739101676451",
    "volume": 1.0
  },
  {
    "element_identifier": "ae62a42e-cb98-4734-a8aa-655156704486-1739101689159",
    "volume": 1.0
  },
  {
    "element_identifier": "508ec7fe-c932-4f27-b8bf-695c48ffd8cb-1739101680011",
    "volume": 1.0
  },
  {
    "element_identifier": "0dff45d0-f0c6-4310-be4b-35148d9e365c-1739101682816",
    "volume": 1.0
  },
  {
    "element_identifier": "5464c532-f01e-4155-aa5e-4a89ffd88d0d-1739101682836",
    "volume": 1.0
  },
  {
    "element_identifier": "0b98636d-cf27-48b0-95d0-2444c6ff2282-1739228283708",
    "volume": 1.0
  },
  {
    "element_identifier": "911e660b-142e-4050-afd4-a88129d89787-1739101680307",
    "volume": 1.0
  },
  {
    "element_identifier": "43485838-b978-43f1-844e-102453788d2c-1739101682982",
    "volume": 1.0
  },
  {
    "element_identifier": "dd5619f9-4744-4731-a843-e75fbf798177-1739228192508",
    "volume": 1.0
  },
  {
    "element_identifier": "3fe97ccc-8eb8-4c36-9d71-af02e05896f2-1739228287698",
    "volume": 1.0
  },
  {
    "element_identifier": "3140ec5f-6006-4e97-b585-b0be29aa7773-1739101680078",
    "volume": 1.0
  },
  {
    "element_identifier": "7f177c0b-5da9-4c88-b94f-5520cdf4188a-1739101693248",
    "volume": 1.0
  },
  {
    "element_identifier": "d434c93d-e3fe-4eb7-b0cb-a480eeb96621-1739228285650",
    "volume": 1.0
  },
  {
    "element_identifier": "ac99b6c4-d818-4a99-b6a3-58675637768d-1739101683299",
    "volume": 1.0
  },
  {
    "element_identifier": "21127bca-0fad-4645-abf9-013b1be686df-1739228279364",
    "volume": 1.0
  },
  {
    "element_identifier": "25d4c7cc-fc98-4247-8c6b-32e29c1bc5b9-1739301204335",
    "volume": 1.0
  },
  {
    "element_identifier": "1a458420-a490-4e88-a77a-e06cdfa4f463-1738078053042",
    "volume": 1.0
  },
  {
    "element_identifier": "161b23ab-a039-4dbb-b796-b76a3629a9be-1739228280958",
    "volume": 1.0
  },
  {
    "element_identifier": "ab150783-3ffe-4a1e-82fe-6b13da132978-1739230595306",
    "volume": 1.0
  },
  {
    "element_identifier": "c47f4149-bb5a-4558-949e-ca0ad9dfb742-1739228284607",
    "volume": 1.0
  },
  {
    "element_identifier": "8986faaf-e373-433b-b25a-ddce4cb56c3f-1739228179743",
    "volume": 1.0
  },
  {
    "element_identifier": "e62527be-4839-43cc-97d1-7d6a2bfde54e-1739101683204",
    "volume": 1.0
  },
  {
    "element_identifier": "10892b2d-fbd8-4abf-8b56-6020bb215932-1739228280856",
    "volume": 1.0
  },
  {
    "element_identifier": "4d3cca94-ab4b-4593-a0c6-f4137cb89308-1739228285706",
    "volume": 1.0
  },
  {
    "element_identifier": "80fa19a8-b3c0-4754-81ff-341543f05471-1739229575642",
    "volume": 1.0
  },
  {
    "element_identifier": "0ceb8a06-0060-40fc-8cf2-226416abc426-1739101682831",
    "volume": 1.0
  },
  {
    "element_identifier": "d1c6cba0-fbcf-4b21-a1e3-545142b7037c-1739101666875",
    "volume": 1.0
  },
  {
    "element_identifier": "2ba16feb-d80a-43c4-ba99-723628d868a5-1739228283598",
    "volume": 1.0
  },
  {
    "element_identifier": "bc4687dd-4f45-4049-bb07-bd917b59d056-1739228286400",
    "volume": 1.0
  },
  {
    "element_identifier": "6784220f-deac-4e3d-abc9-07f5496dc555-1739101683134",
    "volume": 1.0
  },
  {
    "element_identifier": "06cf47a1-db03-4875-a2eb-6bca77bc7106-1739228480135",
    "volume": 1.0
  },
  {
    "element_identifier": "6dc40cf7-da25-4ec4-a1be-081fde23dd78-1739101680271",
    "volume": 1.0
  },
  {
    "element_identifier": "ea6931fe-09c5-415e-bdb1-35b8018c5b58-1739228280795",
    "volume": 1.0
  },
  {
    "element_identifier": "c977e3e9-d372-4e5d-bdd3-172e4fc47eb2-1739101679980",
    "volume": 1.0
  },
  {
    "element_identifier": "acd5454d-5caf-4d5a-ad6d-5c05775e70c3-1739101682910",
    "volume": 1.0
  },
  {
    "element_identifier": "87e9b231-1d37-484c-9567-8cca98e2a407-1739228094616",
    "volume": 1.0
  },
  {
    "element_identifier": "b2e180e8-ac76-4a83-abe3-771aedb883ee-1739301199954",
    "volume": 1.0
  },
  {
    "element_identifier": "4e06312c-5673-4471-874e-6fa8f6b5e122-1739101683385",
    "volume": 1.0
  },
  {
    "element_identifier": "66553861-f154-49eb-9f65-5b635b5ac059-1739101681367",
    "volume": 1.0
  },
  {
    "element_identifier": "a3a89bbd-1e16-4ccf-a491-1a3a0d1f8e5e-1739101689359",
    "volume": 1.0
  },
  {
    "element_identifier": "7cfebc9d-5938-4d65-9f94-3ef88491ec67-1739101681294",
    "volume": 1.0
  },
  {
    "element_identifier": "5a65ae72-e882-47f6-8688-68e69718e2db-1739228283666",
    "volume": 1.0
  },
  {
    "element_identifier": "62a74549-8dc0-49ce-9b31-7dbaba09da3c-1739228175852",
    "volume": 1.0
  },
  {
    "element_identifier": "e1142cb1-3712-4f30-a073-f64ed0f4ad9a-1739101681310",
    "volume": 1.0
  },
  {
    "element_identifier": "b7739433-443c-4492-9035-88e8ae8497c0-1739228279425",
    "volume": 1.0
  },
  {
    "element_identifier": "23917ca7-5b13-44f0-b32d-f6b8be6b0104-1739101670255",
    "volume": 1.0
  },
  {
    "element_identifier": "72be9c88-9117-47e7-b150-a003af611ff5-1739101693064",
    "volume": 1.0
  },
  {
    "element_identifier": "a74a5431-e20d-4257-bedd-32d0e56f2d0f-1739228280973",
    "volume": 1.0
  },
  {
    "element_identifier": "5c22680c-5939-4740-be9d-92c572d605e1-1739101693932",
    "volume": 1.0
  },
  {
    "element_identifier": "f3c72fde-7e86-49ac-b869-f86ebe8a5e43-1739101680055",
    "volume": 1.0
  },
  {
    "element_identifier": "914b4fe5-b22d-43b7-bffb-4ae74a99c2d2-1739101683507",
    "volume": 1.0
  },
  {
    "element_identifier": "d2b45a0f-9101-4104-a501-917a133d9bb3-1739101683027",
    "volume": 1.0
  },
  {
    "element_identifier": "46729b5b-b3e2-4eb1-a313-1766a6cb94c9-1739101694026",
    "volume": 1.0
  },
  {
    "element_identifier": "1489a21e-8695-43bc-b535-99dfb0136332-1739101681267",
    "volume": 1.0
  },
  {
    "element_identifier": "40c4cc29-e3da-42f8-8b12-d8bf681dd74c-1739101689073",
    "volume": 1.0
  },
  {
    "element_identifier": "c65a3445-99cc-42ed-958f-4020de850708-1739228285691",
    "volume": 1.0
  },
  {
    "element_identifier": "0558b6d7-7d7f-4aed-93be-221d65ff18a0-1739101689122",
    "volume": 1.0
  },
  {
    "element_identifier": "08117860-87a1-4d91-80a2-10103ec1369d-1739228285197",
    "volume": 1.0
  },
  {
    "element_identifier": "83440266-3aa8-4010-a89e-d06836b9e109-1739230136907",
    "volume": 1.0
  },
  {
    "element_identifier": "8cdbb148-3057-4b3d-8a5f-8668e7ed8bf0-1739101693182",
    "volume": 1.0
  },
  {
    "element_identifier": "e7c97ddb-6ba6-4dc1-8238-a02febe0e576-1739263180209",
    "volume": 1.0
  },
  {
    "element_identifier": "2d9df4fc-b920-4d4f-8dc9-eeab5651bc00-1739101670396",
    "volume": 1.0
  },
  {
    "element_identifier": "00f3f0a1-00e3-4897-8e2d-333420567d07-1739101693058",
    "volume": 1.0
  },
  {
    "element_identifier": "0ff49373-64b6-416e-8ee2-2c0e0eeab989-1739228279468",
    "volume": 1.0
  },
  {
    "element_identifier": "b1bf97b2-4150-4aea-8061-4e2fcf5e8dbd-1739101681353",
    "volume": 1.0
  },
  {
    "element_identifier": "93957aac-14d8-4bf5-bed3-c597e908aba7-1739101693177",
    "volume": 1.0
  },
  {
    "element_identifier": "2b6e4118-7ec4-4098-be46-2e6541ab4ac8-1739101685683",
    "volume": 1.0
  },
  {
    "element_identifier": "a2df9193-9a98-40bb-80d7-114c9b4f3a32-1739122300101",
    "volume": 1.0
  },
  {
    "element_identifier": "ebba57f5-a403-4b65-b705-b8281c6a429d-1739101683413",
    "volume": 1.0
  },
  {
    "element_identifier": "e17e7290-864b-4a32-90a4-6248e2e38f1f-1739101680175",
    "volume": 1.0
  },
  {
    "element_identifier": "ea9788b0-bc74-404e-85a0-3960fb5d2b76-1739101681257",
    "volume": 1.0
  },
  {
    "element_identifier": "c7d295a4-e69a-43b1-b42d-f796ad62e93e-1739101683423",
    "volume": 1.0
  },
  {
    "element_identifier": "875de246-1a67-44b8-bede-48bf5ccb7417-1739228278662",
    "volume": 1.0
  },
  {
    "element_identifier": "9a8a43a0-1e89-41e6-af17-1b0dd3cefcec-1739228285793",
    "volume": 1.0
  },
  {
    "element_identifier": "51e09351-ee58-4b42-972d-684c33591d96-1739228378904",
    "volume": 1.0
  },
  {
    "element_identifier": "149a89a1-0f0f-472c-9667-048a21d064e8-1739101696403",
    "volume": 1.0
  },
  {
    "element_identifier": "0305ec05-d7cf-4de6-92a8-4f3916560661-1739228286902",
    "volume": 1.0
  },
  {
    "element_identifier": "983893be-964f-4534-8e7c-60edd814f465-1739101680165",
    "volume": 1.0
  },
  {
    "element_identifier": "e5f659f9-66b3-4ef2-a5ba-581dabaf5503-1739101693036",
    "volume": 1.0
  },
  {
    "element_identifier": "ecb59000-186e-4983-b999-7e5332ef6472-1739228281764",
    "volume": 1.0
  },
  {
    "element_identifier": "56feedb8-83c1-4fef-90ee-3c4db1318184-1739228286384",
    "volume": 1.0
  },
  {
    "element_identifier": "604232af-d67a-40bf-ba75-4501253217c5-1739101683495",
    "volume": 1.0
  },
  {
    "element_identifier": "c4df49db-6324-4ceb-a862-31fec5d79b00-1739101681151",
    "volume": 1.0
  },
  {
    "element_identifier": "19f64850-1c9d-4099-9fac-6c514008bcb5-1739101682937",
    "volume": 1.0
  },
  {
    "element_identifier": "ab6fc643-7139-464a-8f8e-20617800a9cb-1739230074082",
    "volume": 1.0
  },
  {
    "element_identifier": "4d6d8afb-5fe5-423a-92ab-1dac52bfcf71-1739228362057",
    "volume": 1.0
  },
  {
    "element_identifier": "d88a5613-52c3-4aee-b146-3e28e758d7d4-1739101693081",
    "volume": 1.0
  },
  {
    "element_identifier": "71b60184-fa04-46dd-953b-b4f0333fcefb-1739101689179",
    "volume": 1.0
  },
  {
    "element_identifier": "42b3eb97-a1f3-4342-80b3-9a696a089773-1739101693216",
    "volume": 1.0
  },
  {
    "element_identifier": "50ffd77c-bf28-4db9-8a19-cd42d9a92510-1739101682990",
    "volume": 1.0
  },
  {
    "element_identifier": "db8e5c95-2e04-430f-8d2d-f84650549a98-1739228280999",
    "volume": 1.0
  },
  {
    "element_identifier": "52c19917-6a4e-4f27-9599-0def28afc913-1739101683226",
    "volume": 1.0
  },
  {
    "element_identifier": "67de2500-a982-4e1c-9047-af4f86fea667-1739228278631",
    "volume": 1.0
  },
  {
    "element_identifier": "e035f106-8dd1-405c-a588-92b509ea42b5-1739228281680",
    "volume": 1.0
  },
  {
    "element_identifier": "4c6655fb-ff7d-4b16-b6e4-c5be2fa660bd-1739101693842",
    "volume": 1.0
  },
  {
    "element_identifier": "629c048e-0f90-4ea5-ac66-0bbe149bd779-1739101681210",
    "volume": 1.0
  },
  {
    "element_identifier": "38b2a3f8-9bbd-4edb-9515-c554ae850f7b-1739101683635",
    "volume": 1.0
  },
  {
    "element_identifier": "a6633124-e52e-454f-8248-c321ff705d2d-1739101693859",
    "volume": 1.0
  },
  {
    "element_identifier": "6a7eb886-a7f6-4b07-a25f-6f3a86a641a5-1739228285738",
    "volume": 1.0
  },
  {
    "element_identifier": "7166fe9f-9441-4b49-89d3-f987d15a1ad7-1739228280884",
    "volume": 1.0
  },
  {
    "element_identifier": "5857b507-c5af-43ac-b31e-bb17c1e0fa0f-1739101679986",
    "volume": 1.0
  },
  {
    "element_identifier": "58b43e9f-bf36-4089-8cac-e65058f87613-1739101693115",
    "volume": 1.0
  },
  {
    "element_identifier": "b8ff7f03-253d-4294-a530-18fd31d64f89-1739101680209",
    "volume": 1.0
  },
  {
    "element_identifier": "81bef1de-a113-40e2-9971-1be4709b7a8b-1739101681342",
    "volume": 1.0
  },
  {
    "element_identifier": "9313989c-d72a-4828-95e7-b2b21c8ba8e9-1739230590077",
    "volume": 1.0
  },
  {
    "element_identifier": "043664ff-f587-427b-ad57-cf77f0ef22de-1739101683209",
    "volume": 1.0
  },
  {
    "element_identifier": "cb0691b4-d18d-43ea-88fa-61c6cfe6ca1b-1739101683158",
    "volume": 1.0
  },
  {
    "element_identifier": "e0cf2e07-f0dd-4a63-bd30-edc83ff38896-1739228360399",
    "volume": 1.0
  },
  {
    "element_identifier": "47b41369-4784-4b77-99f4-62e80029a86b-1739101682894",
    "volume": 1.0
  },
  {
    "element_identifier": "942f7778-a7d1-4835-a42e-50bcce44036c-1739101683112",
    "volume": 1.0
  },
  {
    "element_identifier": "c08f8cb5-89c9-45d3-bdfe-7c24ba66945e-1739101670403",
    "volume": 1.0
  },
  {
    "element_identifier": "4593b1a8-ae1d-49b8-90ef-683cc6bb5442-1739101683053",
    "volume": 1.0
  },
  {
    "element_identifier": "2de84969-b936-4c17-b0d2-34b8480e764c-1739101693141",
    "volume": 1.0
  },
  {
    "element_identifier": "ef8556f6-1f4e-40a4-abbd-83d86fdb187b-1739228278543",
    "volume": 1.0
  },
  {
    "element_identifier": "c6d81ea6-68b3-47f6-8273-6228ed142b4f-1739228283653",
    "volume": 1.0
  },
  {
    "element_identifier": "9b236a0e-dc6a-435e-a358-22c3f887aa0f-1739101689230",
    "volume": 1.0
  },
  {
    "element_identifier": "4f9e30e1-4279-48c6-8a47-38b57f2f1505-1739101683180",
    "volume": 1.0
  },
  {
    "element_identifier": "aaa756c6-6c97-4484-8b61-1cc6fe9bed44-1739101683327",
    "volume": 1.0
  },
  {
    "element_identifier": "c005d3fc-7330-4e71-a0ca-f24bb6462f08-1739228279626",
    "volume": 1.0
  },
  {
    "element_identifier": "2e3c21b4-737f-45d5-8942-d8c6be74d526-1739228357115",
    "volume": 1.0
  },
  {
    "element_identifier": "34848d65-23b5-494f-9baf-f8a217825b36-1739228284465",
    "volume": 1.0
  },
  {
    "element_identifier": "d7460e6b-f82d-4525-a882-45dd4baaa613-1739101683440",
    "volume": 1.0
  },
  {
    "element_identifier": "09db362e-fb61-4fc3-84b1-e777aed44a53-1739122294094",
    "volume": 1.0
  },
  {
    "element_identifier": "f0de5f81-6b44-464b-80f7-5aba83109450-1739101680144",
    "volume": 1.0
  },
  {
    "element_identifier": "60c90a58-015d-4a72-8755-504b069f2104-1739228278694",
    "volume": 1.0
  },
  {
    "element_identifier": "bd3be1c1-7d1a-4c95-9679-2acebaced847-1739228360340",
    "volume": 1.0
  },
  {
    "element_identifier": "ffc9d6b1-7778-4592-b31b-7b2789b7e84d-1739230597492",
    "volume": 1.0
  },
  {
    "element_identifier": "7321867d-0a26-4648-a18f-a550c9792479-1739101681115",
    "volume": 1.0
  },
  {
    "element_identifier": "6e49e43b-d605-4811-994f-a8671b5e7894-1739101680046",
    "volume": 1.0
  },
  {
    "element_identifier": "36a22bdc-2fd3-4d5c-9417-9f8a3b7b6c79-1739101683216",
    "volume": 1.0
  },
  {
    "element_identifier": "7d22743e-3741-498a-957b-0794360aa596-1739101680119",
    "volume": 1.0
  },
  {
    "element_identifier": "f04d209a-79ae-4edc-99f7-7d883423f31a-1739230643287",
    "volume": 1.0
  },
  {
    "element_identifier": "be36ded6-a3d7-48d3-bf93-daf103f2db3c-1739101681271",
    "volume": 1.0
  },
  {
    "element_identifier": "26496314-4420-4286-be46-e1aa344e6a22-1739101683221",
    "volume": 1.0
  },
  {
    "element_identifier": "8619e47c-6597-4d92-add3-eac979db4d77-1739229575471",
    "volume": 1.0
  },
  {
    "element_identifier": "91ceb5db-2ff6-41ff-8e14-5d8c2acaa35a-1739101680227",
    "volume": 1.0
  },
  {
    "element_identifier": "1bce0a06-5a61-477d-9456-3fb445c92876-1739101681359",
    "volume": 1.0
  },
  {
    "element_identifier": "3ec87138-377d-4d11-9356-7bc7aab88237-1739101683511",
    "volume": 1.0
  },
  {
    "element_identifier": "8d3efe8a-e3f4-4af4-8f26-7aa0e1a1d6a3-1739101680222",
    "volume": 1.0
  },
  {
    "element_identifier": "257fc14e-95d6-432d-8715-7e6625bb4334-1739101680024",
    "volume": 1.0
  },
  {
    "element_identifier": "bb2d046f-61a9-4fab-8e6d-ad6138f314b7-1739101681374",
    "volume": 1.0
  },
  {
    "element_identifier": "26041a45-684b-40de-a534-34791a80a3b2-1739228280872",
    "volume": 1.0
  },
  {
    "element_identifier": "f97592bb-d121-4be1-977a-78b229b40a6c-1739101681175",
    "volume": 1.0
  },
  {
    "element_identifier": "2aee3833-5ae3-4d2e-b2e1-912e06898e4a-1739101689092",
    "volume": 1.0
  },
  {
    "element_identifier": "84cee1fd-c209-4bbb-a100-a1bd6ccb79cf-1739101683379",
    "volume": 1.0
  },
  {
    "element_identifier": "b15da546-50bd-41f1-975c-5c7b1c0a6cf3-1739228176189",
    "volume": 1.0
  },
  {
    "element_identifier": "543a233f-c73f-4055-bdcf-a1cefb685c22-1739101687796",
    "volume": 1.0
  },
  {
    "element_identifier": "f88e1d0a-06ce-4067-8ab4-eb1a8c44e27d-1739228287011",
    "volume": 1.0
  },
  {
    "element_identifier": "ce898e4d-b044-43bd-bc1a-5ed15895f6ed-1739101693793",
    "volume": 1.0
  },
  {
    "element_identifier": "6102a8fc-accd-4e11-9427-0d11073f66a6-1739101689236",
    "volume": 1.0
  },
  {
    "element_identifier": "cabc34aa-185c-4a85-a7dc-619e186a180e-1739228278528",
    "volume": 1.0
  },
  {
    "element_identifier": "f034bd69-1580-461e-8fd0-63b8e0d76553-1739101680276",
    "volume": 1.0
  },
  {
    "element_identifier": "a98fdff9-fa1b-4072-b671-b9004f040f10-1739228286888",
    "volume": 1.0
  },
  {
    "element_identifier": "c90ec877-fb49-4843-bf60-40e360cec687-1739101680029",
    "volume": 1.0
  },
  {
    "element_identifier": "87eaade3-eba7-4dfc-b464-38e5dd1c3867-1739101683417",
    "volume": 1.0
  },
  {
    "element_identifier": "18a4282d-7bc8-4f97-ab75-1890d39b67b3-1739228279350",
    "volume": 1.0
  },
  {
    "element_identifier": "f4892d4b-edf0-47f6-afe9-9168b8db658c-1739101689379",
    "volume": 1.0
  },
  {
    "element_identifier": "758b7cf0-50f1-4c75-8332-d02628f01da1-1739101681337",
    "volume": 1.0
  },
  {
    "element_identifier": "392da9dd-adb7-411b-bafc-b353a6607305-1739228285057",
    "volume": 1.0
  },
  {
    "element_identifier": "27ee30d7-8002-4e47-9f0c-7d828c90ff3a-1739101693104",
    "volume": 1.0
  },
  {
    "element_identifier": "217a948d-02f9-4db5-bde6-06326923ea01-1739101689198",
    "volume": 1.0
  },
  {
    "element_identifier": "a9cb3ecc-2bed-44c3-b167-8dc057921ee1-1739228195652",
    "volume": 1.0
  },
  {
    "element_identifier": "310185b5-d97f-4125-b5d0-bc7a3a3cda94-1739101683481",
    "volume": 1.0
  },
  {
    "element_identifier": "bf578e76-123e-4762-aa4c-e4395ba03dad-1739228281708",
    "volume": 1.0
  },
  {
    "element_identifier": "3f80e717-e150-47aa-94fc-4c0e2ff4734b-1739263177183",
    "volume": 1.0
  },
  {
    "element_identifier": "51255ea3-579d-4f70-bed5-1e680e4dc7cd-1739101683331",
    "volume": 1.0
  },
  {
    "element_identifier": "7615aa09-c119-43fd-864d-7262f0737909-1739101689218",
    "volume": 1.0
  },
  {
    "element_identifier": "024a1969-b966-4e11-a841-81f8e3039977-1739101689225",
    "volume": 1.0
  },
  {
    "element_identifier": "150f34d1-2535-4d74-8375-d90c4fd70ce5-1739229524094",
    "volume": 1.0
  },
  {
    "element_identifier": "8a06c62c-a815-4dba-8c94-a367c70a5041-1739101681221",
    "volume": 1.0
  },
  {
    "element_identifier": "9b5cde31-2f64-474f-979f-494dde993b99-1739101693922",
    "volume": 1.0
  },
  {
    "element_identifier": "994cea3c-d01e-4130-a27c-604bb2a4727b-1739101683101",
    "volume": 1.0
  },
  {
    "element_identifier": "aaeac3f5-a3a6-48f3-9532-1e3ecff367c3-1739101682916",
    "volume": 1.0
  },
  {
    "element_identifier": "7461319f-e0a7-46db-81d3-3687f6d65528-1739101680150",
    "volume": 1.0
  },
  {
    "element_identifier": "0a9d8d8c-86d9-489c-8e20-7806655af49f-1739101683275",
    "volume": 1.0
  },
  {
    "element_identifier": "1f73db9b-2d91-42dd-8554-8082829bfc26-1739101683427",
    "volume": 1.0
  },
  {
    "element_identifier": "e71a93fa-1bb6-4d9e-9200-57988fcec7c2-1739101683547",
    "volume": 1.0
  },
  {
    "element_identifier": "93bc6221-1383-4275-aed5-4b97e2e55d9a-1711893570890",
    "volume": 1.0
  },
  {
    "element_identifier": "34ced83a-0629-4c2f-bcc4-44dbd1a4eef8-1739101682826",
    "volume": 1.0
  },
  {
    "element_identifier": "5d1f99f3-7047-4a69-9761-dd4916ae53dc-1739101693907",
    "volume": 1.0
  },
  {
    "element_identifier": "064d9ce0-0ef7-4783-b8c5-2e6f609a4207-1739101680035",
    "volume": 1.0
  },
  {
    "element_identifier": "027bf7e3-8195-4f2a-8524-5c6051d09f9d-1739101683192",
    "volume": 1.0
  },
  {
    "element_identifier": "28faf790-a616-42a4-8e67-bb368ea6341f-1739101681283",
    "volume": 1.0
  },
  {
    "element_identifier": "5db8b077-636a-4a4d-b13c-1c6b97441b0d-1739228285172",
    "volume": 1.0
  },
  {
    "element_identifier": "df5765a7-fccb-4988-a7f1-d94a54291a2b-1739101683268",
    "volume": 1.0
  },
  {
    "element_identifier": "f46cffda-2f6e-4182-8924-493b6ca54614-1739228278708",
    "volume": 1.0
  },
  {
    "element_identifier": "f30a7cac-9335-4ad6-88b4-9579658b771d-1739228284438",
    "volume": 1.0
  },
  {
    "element_identifier": "e95c4ca5-5eac-4f83-a302-804e0fa5e19b-1739228278573",
    "volume": 1.0
  },
  {
    "element_identifier": "b579a4dd-843e-4955-86e6-6edd9e4d0a3b-1739228285225",
    "volume": 1.0
  },
  {
    "element_identifier": "c35d724f-4c73-47d1-9adc-3d85db066b43-1739229575714",
    "volume": 1.0
  },
  {
    "element_identifier": "724a08c9-911b-4963-ace8-7640a0f4e770-1739101681319",
    "volume": 1.0
  },
  {
    "element_identifier": "2af9cdc2-eb3a-4c6a-860b-db291153107d-1739101680287",
    "volume": 1.0
  },
  {
    "element_identifier": "0b9e79f1-2d62-4e6f-bdb9-ca08a88a2ea3-1739101689165",
    "volume": 1.0
  },
  {
    "element_identifier": "2e05899e-36fb-4fa1-ba44-2c1d10c46c2e-1739101682851",
    "volume": 1.0
  },
  {
    "element_identifier": "c967c61d-600e-45cb-bbf6-1c616f937c4a-1739101683000",
    "volume": 1.0
  },
  {
    "element_identifier": "3ee05b53-af1e-4520-ad34-811efee07e76-1739301200024",
    "volume": 1.0
  },
  {
    "element_identifier": "b2758353-0fb0-4492-b5c2-b62d19b52a51-1739101682995",
    "volume": 1.0
  },
  {
    "element_identifier": "d0d55ab8-1e85-45b2-b468-d3070b20747a-1739228278723",
    "volume": 1.0
  },
  {
    "element_identifier": "34b24ba4-a297-4536-878a-6792fbabffe0-1739228286467",
    "volume": 1.0
  },
  {
    "element_identifier": "6853f287-348e-48f6-bc23-fa58dcfbb487-1739228278766",
    "volume": 1.0
  },
  {
    "element_identifier": "037e2ed2-1059-49cd-8f15-2ff869358a95-1739228279499",
    "volume": 1.0
  },
  {
    "element_identifier": "2c046252-0aee-40bb-a4b0-9700d686f9cd-1739228279596",
    "volume": 1.0
  },
  {
    "element_identifier": "1b4d2aa2-9511-4de2-b5c1-57daf793416e-1739101693188",
    "volume": 1.0
  },
  {
    "element_identifier": "bdb1c005-5b58-4cd8-bff9-c7e81907b251-1739101693806",
    "volume": 1.0
  },
  {
    "element_identifier": "d66b07ee-757b-44ba-ae59-3ddfbff44f56-1739228286348",
    "volume": 1.0
  },
  {
    "element_identifier": "955e4fa1-86d1-48f8-ac48-7ff72f5089d6-1739101679999",
    "volume": 1.0
  },
  {
    "element_identifier": "1da10eb3-abf5-48f2-ac52-8861c48bb81d-1739101693238",
    "volume": 1.0
  },
  {
    "element_identifier": "4e288c6c-f59b-4104-9ee8-7ba61be4e18b-1739228281723",
    "volume": 1.0
  },
  {
    "element_identifier": "c1129859-b810-4741-aafa-bdbeec9ff2c6-1739228285664",
    "volume": 1.0
  },
  {
    "element_identifier": "a3029a97-5fdf-489b-80bd-ad64515f0c8f-1739101693092",
    "volume": 1.0
  },
  {
    "element_identifier": "cfe27dd3-a281-4d61-809b-b751fd838a97-1739101680186",
    "volume": 1.0
  },
  {
    "element_identifier": "5b5dd90c-29ae-4502-8b9f-ba139c92fc9e-1739101689206",
    "volume": 1.0
  },
  {
    "element_identifier": "fb628084-069e-4ffe-8c45-d48aaa2dd6f7-1739301203122",
    "volume": 1.0
  },
  {
    "element_identifier": "160b56d3-234b-4805-85c6-cdccdb87e28c-1739101680073",
    "volume": 1.0
  },
  {
    "element_identifier": "cc86a111-b4e4-4fc7-a1c8-33adc89db872-1739101681127",
    "volume": 1.0
  },
  {
    "element_identifier": "f2d5b2e9-604e-4cea-8159-77e91d28a85b-1739101683444",
    "volume": 1.0
  },
  {
    "element_identifier": "ed3ba652-6d23-4117-94ed-a402af6a493c-1739228265334",
    "volume": 1.0
  },
  {
    "element_identifier": "95614e22-b242-4bce-b020-e7244159b326-1739301203281",
    "volume": 1.0
  },
  {
    "element_identifier": "9223c753-3983-45ee-b4d6-ad8065bcc2b0-1739101693893",
    "volume": 1.0
  },
  {
    "element_identifier": "24442ddf-696f-4c40-b622-c091030a63b4-1739101680124",
    "volume": 1.0
  },
  {
    "element_identifier": "ab466260-98ed-401b-8af8-83c8aace8222-1739101681090",
    "volume": 1.0
  },
  {
    "element_identifier": "84d8b822-4322-4fce-acc4-4ce7186322c3-1739101681168",
    "volume": 1.0
  },
  {
    "element_identifier": "97839b1e-62cb-4cb0-83eb-b8618c9e1c61-1739228285157",
    "volume": 1.0
  },
  {
    "element_identifier": "b94f0c26-49f5-4780-8104-f512df9b3df8-1739101680017",
    "volume": 1.0
  },
  {
    "element_identifier": "b86492a1-80ca-47e4-81a4-af24d1e681b3-1739228360372",
    "volume": 1.0
  },
  {
    "element_identifier": "7fae5895-ddf6-4315-98e6-8cb987889fb3-1739101683168",
    "volume": 1.0
  },
  {
    "element_identifier": "06855246-a712-4911-aaca-71b1dcbd919e-1739228768398",
    "volume": 1.0
  },
  {
    "element_identifier": "d4d16f6c-630f-40e3-b93c-fc5e276e857e-1739228284510",
    "volume": 1.0
  },
  {
    "element_identifier": "3afdec59-7546-4c52-9eee-90c3cd13db74-1739101681315",
    "volume": 1.0
  },
  {
    "element_identifier": "a4a8db0d-0d41-463c-b27e-62717294ce91-1739228281659",
    "volume": 1.0
  },
  {
    "element_identifier": "3052a5eb-2aa1-447d-b409-66bf49b52d11-1739122366167",
    "volume": 1.0
  },
  {
    "element_identifier": "93c6379a-12e0-4c0e-a015-34ecdb4af927-1739101683365",
    "volume": 1.0
  },
  {
    "element_identifier": "21ef70d5-d272-4225-90d2-2b332ea262ff-1739230071154",
    "volume": 1.0
  },
  {
    "element_identifier": "f09c3f9a-1b76-4709-87ea-16ff076d6279-1739101693898",
    "volume": 1.0
  },
  {
    "element_identifier": "6fef5a3c-bd97-43bd-a341-0f78a782dc3d-1739101680007",
    "volume": 1.0
  },
  {
    "element_identifier": "aac6df48-34f7-4605-8dc0-d1b4e9d8f981-1739101681378",
    "volume": 1.0
  },
  {
    "element_identifier": "47e918d9-3897-46f3-aa1b-c08836908aa3-1739101693958",
    "volume": 1.0
  },
  {
    "element_identifier": "ab4ec77a-231f-44a9-aab9-78d9eb5f2670-1739101693053",
    "volume": 1.0
  },
  {
    "element_identifier": "d5648262-b51f-4735-a362-42c91f8307b3-1739101681238",
    "volume": 1.0
  },
  {
    "element_identifier": "b68b7b6a-e238-4a2f-b990-caed8ef0efda-1739101682883",
    "volume": 1.0
  },
  {
    "element_identifier": "1e5871a4-8801-4f9c-a07d-d4ef8349243b-1739101680060",
    "volume": 1.0
  },
  {
    "element_identifier": "1af414d6-cf56-4975-873f-f603a9ea74b9-1739101691484",
    "volume": 1.0
  },
  {
    "element_identifier": "aaa41850-a811-4232-9d89-fcd8fd66cfc2-1739101680193",
    "volume": 1.0
  },
  {
    "element_identifier": "ee50d517-892d-4400-94b1-c07f18fed09e-1739101689310",
    "volume": 1.0
  },
  {
    "element_identifier": "03aae844-77c8-4361-b5ad-74fdde78a16e-1739228261583",
    "volume": 1.0
  },
  {
    "element_identifier": "03345fef-315e-42fb-9163-db7f438cb243-1739101693007",
    "volume": 1.0
  },
  {
    "element_identifier": "070f44db-a706-4fd3-8299-9a4b75eb57c8-1739101682967",
    "volume": 1.0
  },
  {
    "element_identifier": "45e7d80a-6c49-44cd-b230-7c943989692c-1739228283583",
    "volume": 1.0
  },
  {
    "element_identifier": "fd9e2596-d416-4607-a19a-9c5ce34cb478-1739101680066",
    "volume": 1.0
  },
  {
    "element_identifier": "85e39cb4-8686-48cf-b24d-1dc044915301-1739101689058",
    "volume": 1.0
  },
  {
    "element_identifier": "8cfb1380-5386-40d3-a263-f951382abdc6-1739229524166",
    "volume": 1.0
  },
  {
    "element_identifier": "77d35a94-b628-49a1-b1b6-a94c2c775963-1739228279527",
    "volume": 1.0
  },
  {
    "element_identifier": "9243c1e8-0961-4ca8-ba0a-69d66c746e00-1739101693124",
    "volume": 1.0
  },
  {
    "element_identifier": "af1e9804-f4e0-4fc4-9f5e-1860ddc39c10-1739228286981",
    "volume": 1.0
  },
  {
    "element_identifier": "b851e89e-d639-46d8-902c-c74b778d978f-1739228284577",
    "volume": 1.0
  },
  {
    "element_identifier": "25f291af-f194-4a9c-abfc-abb0537aa058-1739101680266",
    "volume": 1.0
  },
  {
    "element_identifier": "027dd9ce-d2f3-446d-b05b-7aae6f341440-1739101695019",
    "volume": 1.0
  },
  {
    "element_identifier": "a9ba5ec8-5403-4701-8822-d870a9ac5e8f-1739228360271",
    "volume": 1.0
  },
  {
    "element_identifier": "5dafa220-a69a-45e1-851b-2e87fcc1d959-1739228286451",
    "volume": 1.0
  },
  {
    "element_identifier": "c8304d2b-6510-4e00-9b30-29de70e6555d-1739101683007",
    "volume": 1.0
  },
  {
    "element_identifier": "b936cb4e-3ece-4f52-9a2a-ef88f7c8ad0f-1739101689172",
    "volume": 1.0
  },
  {
    "element_identifier": "36c58736-76ce-4ab2-be95-34b661eb8e93-1739101682972",
    "volume": 1.0
  },
  {
    "element_identifier": "4f7475c9-2cb2-4654-a5bd-e618d626b182-1739101679936",
    "volume": 1.0
  },
  {
    "element_identifier": "68fba50d-9a8e-4056-82f2-5ec5423143ed-1739101683336",
    "volume": 1.0
  },
  {
    "element_identifier": "40947bd4-26f9-4eef-be3b-58ec9e2d9bc2-1739101681277",
    "volume": 1.0
  },
  {
    "element_identifier": "0cb27098-8a01-4377-b5a4-9fb8ed829f81-1739228284452",
    "volume": 1.0
  },
  {
    "element_identifier": "1046ad42-e352-4c44-b304-5f1de7f795d9-1739101683455",
    "volume": 1.0
  },
  {
    "element_identifier": "64bbccab-ae71-4f8d-8e78-bd982a236fb7-1739101683063",
    "volume": 1.0
  },
  {
    "element_identifier": "0016a1ff-2430-4a1e-8209-9da5165cab86-1739101681215",
    "volume": 1.0
  },
  {
    "element_identifier": "a8c41e2b-d70b-4e2b-b683-4e977d8a9fbe-1739101679960",
    "volume": 1.0
  },
  {
    "element_identifier": "8fc30b16-4757-425a-b19c-1589b75bc6df-1739101693192",
    "volume": 1.0
  },
  {
    "element_identifier": "a4c5e93f-321e-4bee-a939-32118b8c6b98-1739101681143",
    "volume": 1.0
  },
  {
    "element_identifier": "bb1caf5e-bc31-4639-b3dc-e596d3db093b-1739101682864",
    "volume": 1.0
  },
  {
    "element_identifier": "8449f997-4013-4334-ae28-5857be6c5961-1739101683290",
    "volume": 1.0
  },
  {
    "element_identifier": "2a067560-bde6-484f-b640-8bf82d4ae2ea-1739230077303",
    "volume": 1.0
  },
  {
    "element_identifier": "a385c17a-e488-4649-94b4-e2324e40dd4a-1739101684315",
    "volume": 1.0
  },
  {
    "element_identifier": "5089eeed-a6ae-4b5d-82b4-a8a76e348223-1739101682900",
    "volume": 1.0
  },
  {
    "element_identifier": "eec9127e-74b1-42e8-9c05-b7d3cf42dd36-1739228285086",
    "volume": 1.0
  },
  {
    "element_identifier": "ef7b4435-6ae7-4e2b-945b-5bb4546789c3-1739101693938",
    "volume": 1.0
  },
  {
    "element_identifier": "18958d6f-17c7-4b30-9bd7-7cdac4b62b2b-1739101681122",
    "volume": 1.0
  },
  {
    "element_identifier": "f02688fd-68bc-4cf2-8915-1365c135dbc8-1739101680128",
    "volume": 1.0
  },
  {
    "element_identifier": "95af1600-5909-45e5-8457-f3f41e2f2800-1739101683294",
    "volume": 1.0
  },
  {
    "element_identifier": "a360cda2-2a68-4caf-8452-2a6c852489e2-1739101693026",
    "volume": 1.0
  },
  {
    "element_identifier": "c37f8824-5745-4f1e-8ba4-990b7fb6f6bb-1739101693825",
    "volume": 1.0
  },
  {
    "element_identifier": "f3635304-8530-462c-ba5d-b2a2e31a22d3-1739228283695",
    "volume": 1.0
  },
  {
    "element_identifier": "f785a014-92eb-438a-84be-f7f00595e535-1739101683279",
    "volume": 1.0
  },
  {
    "element_identifier": "3d1d8b1c-c520-4207-8b93-fe9bc64934fe-1739228278603",
    "volume": 1.0
  },
  {
    "element_identifier": "bfd56214-a7cd-45af-983e-9f0ba9093799-1739228283681",
    "volume": 1.0
  },
  {
    "element_identifier": "29079c9e-3c3d-4dfa-a446-b8cf4589fd23-1739101693131",
    "volume": 1.0
  },
  {
    "element_identifier": "661d4374-3847-4960-b3eb-11531e6157ab-1739101680114",
    "volume": 1.0
  },
  {
    "element_identifier": "668f4383-fbdf-4bd7-810c-d3ce6400d2ef-1739228278752",
    "volume": 1.0
  },
  {
    "element_identifier": "a34032c7-dffe-4008-850d-0b47dfa023ab-1739101681206",
    "volume": 1.0
  },
  {
    "element_identifier": "0b81aa30-9fb5-421f-b744-7db7d6948047-1739101683347",
    "volume": 1.0
  },
  {
    "element_identifier": "e0a89b3f-dec1-4f27-adea-b02b952199ca-1739101693866",
    "volume": 1.0
  },
  {
    "element_identifier": "cb8e0746-1ea4-4919-83c2-8e54bd115823-1739101694022",
    "volume": 1.0
  },
  {
    "element_identifier": "7be5295d-a862-44f1-b81c-67bdaed20984-1739101680109",
    "volume": 1.0
  },
  {
    "element_identifier": "435430ff-c2c7-4d6c-9489-d87b6f51288a-1739101680255",
    "volume": 1.0
  },
  {
    "element_identifier": "93066d3d-c475-40f5-8199-9df1cc42e255-1739101693011",
    "volume": 1.0
  },
  {
    "element_identifier": "245ba680-8468-4633-a6fc-4b36912555f0-1739228286417",
    "volume": 1.0
  },
  {
    "element_identifier": "dec0c29e-3dbe-4598-b090-6298e268c372-1739228279394",
    "volume": 1.0
  },
  {
    "element_identifier": "5881e388-8f36-4460-9130-faeb27943cdf-1739101680413",
    "volume": 1.0
  },
  {
    "element_identifier": "e8ea00cb-4116-448e-92e6-c977db178bc5-1739228279378",
    "volume": 1.0
  },
  {
    "element_identifier": "e010f543-27f9-4c90-a798-80d11870e9e1-1739101680180",
    "volume": 1.0
  },
  {
    "element_identifier": "f032c6c5-cb54-44da-b7b6-c8897b0927ae-1739101693987",
    "volume": 1.0
  },
  {
    "element_identifier": "50ed771f-7d38-437f-815f-31b6909d2b4b-1739101683342",
    "volume": 1.0
  },
  {
    "element_identifier": "d645e36a-3914-4712-b47b-7d2316b07c2d-1739228285778",
    "volume": 1.0
  },
  {
    "element_identifier": "7142afb9-9697-46c2-a20e-77f15276e8dc-1739263182321",
    "volume": 1.0
  },
  {
    "element_identifier": "d04e9ce6-8ba2-4e62-938e-885354577762-1739101682961",
    "volume": 1.0
  },
  {
    "element_identifier": "2af94be2-8bdc-48ce-a758-e292511250cc-1739101689386",
    "volume": 1.0
  },
  {
    "element_identifier": "cfb3a0ad-e301-452c-90d1-2814f2602222-1739101693918",
    "volume": 1.0
  },
  {
    "element_identifier": "8c2e0f57-0c2c-460d-87fb-17792f5ad550-1739101693949",
    "volume": 1.0
  },
  {
    "element_identifier": "f65c747b-4f7e-41d0-aaba-0b6d7b7398d7-1739101693047",
    "volume": 1.0
  },
  {
    "element_identifier": "2031c3b0-de0b-4b90-ba78-988a543a8c0a-1739263177256",
    "volume": 1.0
  },
  {
    "element_identifier": "b0933ec0-382c-42a9-ac6e-547982bac9bf-1739101680312",
    "volume": 1.0
  },
  {
    "element_identifier": "5b6c86ad-9d18-4932-a966-4d5a48437a05-1739228279440",
    "volume": 1.0
  },
  {
    "element_identifier": "d2683d45-a3dd-4643-95a0-13c0415992e7-1739101680260",
    "volume": 1.0
  },
  {
    "element_identifier": "cb19a839-8e4b-4d9b-a7dd-a28cf75e6c77-1739263182387",
    "volume": 1.0
  },
  {
    "element_identifier": "87d638ba-597c-473b-acb7-9a69cc17627b-1739101683128",
    "volume": 1.0
  },
  {
    "element_identifier": "7cb92ef4-5241-4e64-8903-722e509cad35-1739122360070",
    "volume": 1.0
  },
  {
    "element_identifier": "83733bc2-cb6d-480b-8f6f-5f4148d5044d-1739101683476",
    "volume": 1.0
  },
  {
    "element_identifier": "bf6c7004-aa53-4d17-af4e-57fe59f8ec91-1739228286995",
    "volume": 1.0
  },
  {
    "element_identifier": "d995b233-6b71-4108-8869-513bc691751f-1739101681139",
    "volume": 1.0
  },
  {
    "element_identifier": "f02437c7-593e-4314-9d2f-68149d9087fc-1739101693847",
    "volume": 1.0
  },
  {
    "element_identifier": "c9b066c6-a985-4420-ac73-e0264972ff5d-1739228283639",
    "volume": 1.0
  },
  {
    "element_identifier": "55920689-9fb8-4284-adfa-f5f736fe306e-1739101689129",
    "volume": 1.0
  },
  {
    "element_identifier": "4810fc8a-e11b-4899-98d9-554665cef9c9-1739101693076",
    "volume": 1.0
  },
  {
    "element_identifier": "a841825b-37de-420d-a2ee-4f76090caf1b-1739228360356",
    "volume": 1.0
  },
  {
    "element_identifier": "ba6d4171-026e-49e4-a7a6-bcbba3883b88-1739228281779",
    "volume": 1.0
  },
  {
    "element_identifier": "99ca655b-743b-45f6-9cee-65efdb940a00-1739101683315",
    "volume": 1.0
  },
  {
    "element_identifier": "5242160f-e002-44b5-b510-9b07753abaf2-1739228372535",
    "volume": 1.0
  },
  {
    "element_identifier": "48a6110d-80bb-473a-ba17-9eaec656a43b-1739101689107",
    "volume": 1.0
  },
  {
    "element_identifier": "5c73cb21-539d-49d5-97e7-2ac975840200-1739101679974",
    "volume": 1.0
  },
  {
    "element_identifier": "1d52f460-fa75-4529-a8fb-79fd83054832-1739101683408",
    "volume": 1.0
  },
  {
    "element_identifier": "0ff9b10d-22e5-4636-9ae1-4b89fcb1316e-1739228281751",
    "volume": 1.0
  },
  {
    "element_identifier": "61375743-07dc-4180-8c98-88eebc55932d-1739228286432",
    "volume": 1.0
  },
  {
    "element_identifier": "bbc102f3-ff26-4249-85df-fa317a31d70e-1739101693997",
    "volume": 1.0
  },
  {
    "element_identifier": "5eb8f8e3-5520-4271-ad0e-2b047a107977-1739228360322",
    "volume": 1.0
  },
  {
    "element_identifier": "1cb30668-969d-4092-b299-9ccec80c4ba7-1739101693159",
    "volume": 1.0
  },
  {
    "element_identifier": "246c2fe7-e4bb-4fb2-a06b-2e522a21f961-1739228286926",
    "volume": 1.0
  },
  {
    "element_identifier": "58c72b52-883c-44e1-82ff-74bba8b27740-1739101681382",
    "volume": 1.0
  },
  {
    "element_identifier": "0ed0bc42-3731-4cfc-b20a-07c8c090b9ac-1739228194367",
    "volume": 1.0
  },
  {
    "element_identifier": "c56647db-c915-4c5a-8fed-3ce65d3f0133-1739228352209",
    "volume": 1.0
  },
  {
    "element_identifier": "31929998-bd1c-44a8-8204-da60a2040e26-1739122342749",
    "volume": 1.0
  },
  {
    "element_identifier": "77ea5be6-25dc-4343-96e1-20bdc67809f7-1739101693224",
    "volume": 1.0
  },
  {
    "element_identifier": "8bfe9d6c-fcd0-42e9-9be5-fb3c56b9567f-1739101680248",
    "volume": 1.0
  },
  {
    "element_identifier": "2a807468-7f78-4ce7-95df-e532fa4209d4-1739101679992",
    "volume": 1.0
  },
  {
    "element_identifier": "affc54b4-474d-4e8f-9700-3fc1997347a2-1739101689264",
    "volume": 1.0
  },
  {
    "element_identifier": "3271e794-307d-4ba6-9673-1f2f994b9183-1739228286967",
    "volume": 1.0
  },
  {
    "element_identifier": "2c0f184e-9620-4b13-b3c6-ef54a81b55ed-1739228278677",
    "volume": 1.0
  },
  {
    "element_identifier": "faafff62-515c-4627-98f7-8c8c706c3adb-1739101681305",
    "volume": 1.0
  },
  {
    "element_identifier": "cbf91e6e-328d-4fba-add6-5f03fb0a3065-1739101682846",
    "volume": 1.0
  },
  {
    "element_identifier": "5e9f90d1-4246-421d-ab5e-d807e46e943c-1739228283613",
    "volume": 1.0
  },
  {
    "element_identifier": "0c165e8a-43bd-4350-99c4-6e09f1a85ac5-1739228278647",
    "volume": 1.0
  },
  {
    "element_identifier": "42e41aab-e182-49a0-9ebf-5aea1edb38c7-1739228279482",
    "volume": 1.0
  },
  {
    "element_identifier": "10e95686-18db-4e56-b26b-f6b3b488593f-1739301767770",
    "volume": 1.0
  },
  {
    "element_identifier": "ca85816e-ef36-4161-9f83-8bc198086c07-1739101683240",
    "volume": 1.0
  },
  {
    "element_identifier": "6c981cf6-03ec-4712-8734-b5f7b189de19-1739101680140",
    "volume": 1.0
  },
  {
    "element_identifier": "010cc29b-3ea0-4a1d-9682-85d54ed0f647-1739101682926",
    "volume": 1.0
  },
  {
    "element_identifier": "1609f276-a8ed-4864-9be3-7e83d995446d-1739101683610",
    "volume": 1.0
  },
  {
    "element_identifier": "aa91b8a4-ad74-4754-b87d-cb45cfc112ec-1739101689099",
    "volume": 1.0
  },
  {
    "element_identifier": "ee92d124-d7a0-4929-902f-0ba2321af0f9-1739228299453",
    "volume": 1.0
  },
  {
    "element_identifier": "b118089d-f0c1-4096-84cf-b1917aa9eee0-1739101683305",
    "volume": 1.0
  },
  {
    "element_identifier": "2c84eed3-be80-45f3-8762-cfbefbba1e3b-1739101683433",
    "volume": 1.0
  },
  {
    "element_identifier": "5f36a023-081d-4e6f-9b95-a87c4047ee94-1739101693943",
    "volume": 1.0
  },
  {
    "element_identifier": "ef266dfa-c2a4-4936-95f3-61f256881070-1739101693042",
    "volume": 1.0
  },
  {
    "element_identifier": "f2d6788c-879c-4e31-9cf6-19527f939840-1739101679948",
    "volume": 1.0
  },
  {
    "element_identifier": "4f59f4bc-2885-4d7f-b9fc-13578de82167-1739101680159",
    "volume": 1.0
  },
  {
    "element_identifier": "b9f589b5-e6ee-4b42-a1e3-f1da61997f84-1739228285750",
    "volume": 1.0
  },
  {
    "element_identifier": "e2415d56-b4ea-419e-858f-38964fef7cde-1739101683263",
    "volume": 1.0
  },
  {
    "element_identifier": "c221de93-c239-47bb-8cd9-6ad8305993e4-1739228286940",
    "volume": 1.0
  },
  {
    "element_identifier": "ba2b05b1-453a-4986-a763-6b40e3c039e7-1739230590258",
    "volume": 1.0
  },
  {
    "element_identifier": "cb2b65d8-1c57-4fae-bf08-8c3153d1f7bb-1739101682904",
    "volume": 1.0
  },
  {
    "element_identifier": "b22febd8-285d-4bd4-a3f8-4a049df7d1ff-1739101693136",
    "volume": 1.0
  },
  {
    "element_identifier": "96f90f87-27be-4133-8d70-ed142df9683d-1739228279582",
    "volume": 1.0
  },
  {
    "element_identifier": "1bfa0508-b133-425a-93a0-5e5b9ecbf060-1739101682889",
    "volume": 1.0
  },
  {
    "element_identifier": "e34a961b-65ac-4bbc-84ce-99254d7ffa92-1739228279513",
    "volume": 1.0
  },
  {
    "element_identifier": "69636cb7-7eff-4011-8891-7e133f0f2ab4-1739228280985",
    "volume": 1.0
  },
  {
    "element_identifier": "b12f847a-3578-4de3-be55-116a0ed151d8-1739101692982",
    "volume": 1.0
  },
  {
    "element_identifier": "7a71d08b-9c74-4e91-9d04-acd99c7ff20b-1739101694011",
    "volume": 1.0
  },
  {
    "element_identifier": "03f6ff84-6191-49bb-b42c-5e1e5b8b4d0a-1739101679968",
    "volume": 1.0
  },
  {
    "element_identifier": "7d681a0c-8fc1-447c-bf03-874a84e12259-1739228094704",
    "volume": 1.0
  },
  {
    "element_identifier": "49eae861-4374-41ee-ae3d-f7263b83736a-1739228278617",
    "volume": 1.0
  },
  {
    "element_identifier": "710e5c27-953a-4126-9878-b1f9160b9467-1739228360288",
    "volume": 1.0
  },
  {
    "element_identifier": "f4d21db4-da2c-4892-9a9f-9bf2459c7494-1739101683375",
    "volume": 1.0
  },
  {
    "element_identifier": "85b978b3-58c7-4323-9eaf-c38462bb42a4-1739101680097",
    "volume": 1.0
  },
  {
    "element_identifier": "30aea3bf-08ba-4bb2-b82b-99c10f90e7fa-1739228280840",
    "volume": 1.0
  },
  {
    "element_identifier": "d1b3a5cc-66aa-49a9-bddb-8b6f717456a2-1739101681243",
    "volume": 1.0
  },
  {
    "element_identifier": "af60e8b1-a18a-4b0a-851c-f5dce8da106f-1739228284497",
    "volume": 1.0
  },
  {
    "element_identifier": "531c1820-0f64-4811-a032-a2e83024a71c-1739228279337",
    "volume": 1.0
  },
  {
    "element_identifier": "f9fb3e99-df24-4e05-9add-082a75a1fc2b-1739228285184",
    "volume": 1.0
  },
  {
    "element_identifier": "94d5b23b-9742-423b-9070-16dff1e6a4ec-1739228285212",
    "volume": 1.0
  },
  {
    "element_identifier": "4b8c848d-ad1e-45fb-8019-9c1eac4e7f3f-1739101678151",
    "volume": 1.0
  },
  {
    "element_identifier": "5c30ba89-a838-4bbc-b5a3-3b1e49d52683-1739101680243",
    "volume": 1.0
  },
  {
    "element_identifier": "10d90509-622a-4c73-9126-020e92e74d1b-1739228286367",
    "volume": 1.0
  },
  {
    "element_identifier": "b9828fb9-c421-4d36-a28d-64886de3a4cd-1739101689343",
    "volume": 1.0
  },
  {
    "element_identifier": "6bc721e0-c44a-482f-b491-f1e566c414b9-1739101693881",
    "volume": 1.0
  },
  {
    "element_identifier": "deb1d9c8-2e33-4867-bb44-5b68dbfe73b6-1739101682822",
    "volume": 1.0
  },
  {
    "element_identifier": "ce70779d-5502-4744-a41f-25fb52fd0bb3-1739101680103",
    "volume": 1.0
  },
  {
    "element_identifier": "11a29c13-d074-401b-99ff-4787a1ed7915-1739101683360",
    "volume": 1.0
  },
  {
    "element_identifier": "acdf44fb-2895-4b6f-8267-3ab3eb8701be-1739101682810",
    "volume": 1.0
  },
  {
    "element_identifier": "9af537c7-6a9e-4638-9278-88757559c234-1739101683488",
    "volume": 1.0
  },
  {
    "element_identifier": "0f355a89-b16f-4fa4-9b7d-0132705f50bb-1739228285073",
    "volume": 1.0
  },
  {
    "element_identifier": "42ac5905-2d21-47bb-8e0e-eacd08fb7ece-1739101683449",
    "volume": 1.0
  },
  {
    "element_identifier": "0c8f2f61-1658-44bf-b1ec-dd7c049cd11b-1739101689080",
    "volume": 1.0
  },
  {
    "element_identifier": "3d8a0f61-ff52-496f-be10-ec31c9873374-1739101693031",
    "volume": 1.0
  },
  {
    "element_identifier": "4844f9a1-7aaf-4c38-97b7-4d6fb851528c-1739229576988",
    "volume": 1.0
  },
  {
    "element_identifier": "4e985df6-4efa-412f-b6e4-1b9a58ceec43-1739228280897",
    "volume": 1.0
  },
  {
    "element_identifier": "d0663a94-d8a6-4caf-9a94-a50742f67189-1739228280913",
    "volume": 1.0
  },
  {
    "element_identifier": "7ccf4039-32e3-4c2f-a4ff-84bbfdbbedf0-1739101680133",
    "volume": 1.0
  },
  {
    "element_identifier": "45b58b59-8bf3-4268-a936-12e80a13c697-1739228278589",
    "volume": 1.0
  },
  {
    "element_identifier": "b007e970-8afa-4d07-b52f-77104757db3d-1739228285764",
    "volume": 1.0
  },
  {
    "element_identifier": "a6beab23-1801-49a4-bf1c-9c1bc858c5c9-1739101683011",
    "volume": 1.0
  },
  {
    "element_identifier": "41be74fc-f870-4a5d-9708-5aefaff90021-1739228285678",
    "volume": 1.0
  },
  {
    "element_identifier": "b275d9a6-288a-4e9a-a968-f50c16abf158-1739228281738",
    "volume": 1.0
  },
  {
    "element_identifier": "56a4b8bb-7b1b-42a8-ac0b-4a149e39100c-1739101681159",
    "volume": 1.0
  },
  {
    "element_identifier": "b383afa0-489d-4069-83a0-c0499b705200-1739101683081",
    "volume": 1.0
  },
  {
    "element_identifier": "c088b64f-8b98-4ed0-a602-210242d852bb-1739228280942",
    "volume": 1.0
  },
  {
    "element_identifier": "c3a8df2c-28ee-4288-b316-002f1e831498-1739101689353",
    "volume": 1.0
  },
  {
    "element_identifier": "ef25e28e-c650-499f-8473-756e54b762e4-1739101693903",
    "volume": 1.0
  },
  {
    "element_identifier": "522596b7-c9bc-428f-98b1-89c54f412e12-1739228284537",
    "volume": 1.0
  },
  {
    "element_identifier": "bc78ced2-f749-4e49-8c6b-2394c7bbb559-1739228285128",
    "volume": 1.0
  },
  {
    "element_identifier": "d54b5552-bd15-4ef3-b234-1aec766c3411-1739101693149",
    "volume": 1.0
  },
  {
    "element_identifier": "c49b7a42-2f01-41be-9601-54f46987468a-1739101689269",
    "volume": 1.0
  },
  {
    "element_identifier": "ee3b135f-997c-413b-8787-6ecb490489d0-1739101689348",
    "volume": 1.0
  },
  {
    "element_identifier": "5e264dbd-14a7-4727-ab57-381f8cc34ba2-1739101682944",
    "volume": 1.0
  },
  {
    "element_identifier": "d28676cb-f01e-458c-8cb1-dc09309882be-1739101683034",
    "volume": 1.0
  },
  {
    "element_identifier": "a94f7f7b-4883-4120-9c50-3b2aee5f9637-1739101693800",
    "volume": 1.0
  },
  {
    "element_identifier": "9b446073-facc-4b29-843f-fc508d5eab2b-1739101681097",
    "volume": 1.0
  },
  {
    "element_identifier": "4fc7e145-4833-44a1-bbcd-1d2119fb5366-1739101682869",
    "volume": 1.0
  },
  {
    "element_identifier": "cbf43e17-8bed-4004-a571-9258a2574199-1739101683163",
    "volume": 1.0
  },
  {
    "element_identifier": "c3641b92-58af-4981-b8f1-ce9773918375-1739101683151",
    "volume": 1.0
  }
]