{
   "general": {
     "version": "1.1.1",
     "force_reload": true
   },

  "weapons": {
    "materials": {
    },

    "regular": {
      "wooden_dagger": {
        "tier": "Wood",

        "damage": 2.4,
        "speed": 3.5,
        "range": 1.8,

        "invincibilityTime": 5,

        "canSweep": true,
        "sweepRadius": 0.25
      },

      "wooden_shortsword": {
        "tier": "Wood",

        "damage": 3.8,
        "speed": 2.2,
        "range": 2.25,

        "canSweep": true,
        "sweepRadius": 0.75
      },

      "wooden_stiletto": {
        "tier": "Wood",

        "damage": 2.6,
        "speed": 2.5,
        "range": 2,

        "piercingChance": 0.25,
        "piercingAmount": 2,
        "invincibilityTime": 7
      },

      "wooden_rapier": {
        "tier": "Wood",

        "damage": 2.6,
        "speed": 2,

        "unarmoredBonus": 2,

        "canSweep": true
      },

      "wooden_katana": {
        "tier": "Wood",

        "damage": 4.3,
        "speed": 1.8,
        "range": 3.25,

        "canSweep": true,
        "sweepRadius": 1.25,
        "sweepDamage": 2,

        "twoHandedLevel": 1,
		"createThdCopy": true,
        "twoHandedMinDamage": 1,
        "twoHandedMajDamage": 3,
        "twoHandedMinSpeed": 0.05,
        "twoHandedMajSpeed": 1
      },

      "wooden_greatsword": {
        "tier": "Wood",

        "damage": 4,
        "speed": 1.2,
        "range": 3.5,

        "canSweep": true,
        "sweepRadius": 1.5,
        "sweepDamage": 3,

        "twoHandedLevel": 2,
        "twoHandedMajDamage": 4,
        "twoHandedMajSpeed": 0.4
      },

      "wooden_longsword": {
        "tier": "Wood",

        "damage": 5.3,
        "speed": 1.3,
        "range": 3.5,

        "canSweep": true,
        "sweepRadius": 2,

        "twoHandedLevel": 2,
        "twoHandedMajDamage": 4,
        "twoHandedMajSpeed": 0.4
      },

      "wooden_twinblade": {
        "tier": "Wood",

        "damage": 4.5,
        "speed": 1.9,
        "range": 3.5,

        "canSweep": true,

        "twoHandedLevel": 2,
        "twoHandedMajDamage": 4,
        "twoHandedMajSpeed": 0.4
      },

      "wooden_zweihander": {
        "tier": "Wood",

        "damage": 3.2,
        "speed": 1,
        "range": 4,

        "canSweep": true,
        "sweepRadius": 2.5,

        "twoHandedLevel": 2,
        "twoHandedMajDamage": 3,
        "twoHandedMajSpeed": 0.5
      },

      "wooden_battle_axe": {
        "tier": "Wood",
        "weaponType": "Axe",

        "damage": 7,
        "speed": 0.6,
        "range": 3.25,

        "twoHandedLevel": 1,
		"createThdCopy": true,
        "twoHandedMinDamage": 1,
        "twoHandedMajDamage": 3,
        "twoHandedMinSpeed": 0.1,
        "twoHandedMajSpeed": 0.3
      },

      "wooden_glaive": {
        "tier": "Wood",

        "damage": 5.2,
        "speed": 1,
        "range": 4,

        "canSweep": true,

        "twoHandedLevel": 2,
        "twoHandedMajDamage": 4,
        "twoHandedMajSpeed": 0.5
      },

      "wooden_spear": {
        "tier": "Wood",

        "damage": 2.5,
        "speed": 1.3,
        "range": 4.2,

        "piercingAmount": 0.8,

        "twoHandedLevel": 1,
		"createThdCopy": true,
        "twoHandedMajDamage": 1,
        "twoHandedMinSpeed": 0.1,
        "twoHandedMajSpeed": 0.55
      },

      "wooden_halberd": {
        "tier": "Wood",

        "damage": 4.1,
        "speed": 0.7,
        "range": 4.5,

        "piercingChance": 0.5,
        "piercingAmount": 2,
        "breachChance": 1,
        "breachTime": 1.5,

        "twoHandedLevel": 2,
        "twoHandedMajDamage": 3,
        "twoHandedMajSpeed": 0.2
      },

      "wooden_pike": {
        "tier": "Wood",

        "damage": 3,
        "speed": 0.8,
        "range": 5,

        "piercingAmount": 1,

        "twoHandedLevel": 2,
        "twoHandedMajDamage": 2,
        "twoHandedMajSpeed": 0.3
      },

      "wooden_throwing_knife": {
        "tier": "Wood",

        "damage": 1,
        "speed": 3,
        "range": 1.8,

        "invincibilityTime": 5,


        "throwingWeapon": {
          "damage": 4,
          "force": 1.5,
          "ammo": 8,

          "chargeTime": 8,
          "inaccuracy": 0.5,
          "weight": 1,
          "waterInertia": 0.7,

          "modelData": {
            "textureSize": "16X",
            "useAnim": "spear",
            "rotating": false,
            "horizontal": false
          }
        }
      },

      "wooden_shuriken": {
        "tier": "Wood",

        "damage": 1,
        "speed": 2.5,
        "range": 1.8,

        "invincibilityTime": 5,

        "throwingWeapon": {
          "damage": 1.5,
          "force": 1.3,
          "ammo": 8,

          "chargeTime": 4,
          "inaccuracy": 4,
          "weight": 1,
          "waterInertia": 0.3,

          "modelData": {
            "textureSize": "16X",
            "useAnim": "spear",
            "rotating": true,
            "horizontal": false
          }
        }
      },

      "wooden_chakram": {
        "tier": "Wood",

        "damage": 2,
        "speed": 2,
        "range": 2.25,

        "throwingWeapon": {
          "damage": 3,
          "force": 2.5,
          "ammo": 4,

          "chargeTime": 5,
          "inaccuracy": 1.5,
          "weight": 0.5,
          "waterInertia": 0.6,

          "modelData": {
            "textureSize": "16X",
            "useAnim": "spear",
            "rotating": true,
            "horizontal": true
          }
        }
      },

      "wooden_javelin": {
        "tier": "Wood",

        "damage": 2,
        "speed": 1.2,
        "range": 4,

        "piercingAmount": 0.8,

        "throwingWeapon": {
          "damage": 5,
          "force": 3,
          "ammo": 4,

          "chargeTime": 15,
          "inaccuracy": 1,
          "weight": 1,
          "waterInertia": 0.7,

          "modelData": {
            "textureSize": "32X",
            "useAnim": "spear",
            "rotating": false,
            "horizontal": false
          }
        }
      },

      "stone_dagger": {
        "tier": "Stone",

        "damage": 2.9,
        "speed": 3.5,
        "range": 1.8,

        "invincibilityTime": 5,

        "canSweep": true,
        "sweepRadius": 0.25
      },

      "stone_shortsword": {
        "tier": "Stone",

        "damage": 4.5,
        "speed": 2.2,
        "range": 2.25,

        "canSweep": true,
        "sweepRadius": 0.75
      },

      "stone_stiletto": {
        "tier": "Stone",

        "damage": 3.2,
        "speed": 2.5,
        "range": 2,

        "piercingChance": 0.25,
        "piercingAmount": 2,
        "invincibilityTime": 7
      },

      "stone_rapier": {
        "tier": "Stone",

        "damage": 3.4,
        "speed": 2,

        "unarmoredBonus": 2,

        "canSweep": true
      },

      "stone_katana": {
        "tier": "Stone",

        "damage": 5.2,
        "speed": 1.8,
        "range": 3.25,

        "canSweep": true,
        "sweepRadius": 1.25,
        "sweepDamage": 2,

        "twoHandedLevel": 1,
		"createThdCopy": true,
        "twoHandedMinDamage": 1,
        "twoHandedMajDamage": 4,
        "twoHandedMinSpeed": 0.05,
        "twoHandedMajSpeed": 1
      },

      "stone_greatsword": {
        "tier": "Stone",

        "damage": 5.3,
        "speed": 1.2,
        "range": 3.5,

        "canSweep": true,
        "sweepRadius": 1.5,
        "sweepDamage": 4,

        "twoHandedLevel": 2,
        "twoHandedMajDamage": 5,
        "twoHandedMajSpeed": 0.4
      },

      "stone_longsword": {
        "tier": "Stone",

        "damage": 6.5,
        "speed": 1.3,
        "range": 3.5,

        "canSweep": true,
        "sweepRadius": 2,

        "twoHandedLevel": 2,
        "twoHandedMajDamage": 5,
        "twoHandedMajSpeed": 0.4
      },

      "stone_twinblade": {
        "tier": "Stone",

        "damage": 5.3,
        "speed": 1.9,
        "range": 3.5,

        "canSweep": true,

        "twoHandedLevel": 2,
        "twoHandedMajDamage": 5,
        "twoHandedMajSpeed": 0.4
      },

      "stone_zweihander": {
        "tier": "Stone",

        "damage": 4.8,
        "speed": 1,
        "range": 4,

        "canSweep": true,
        "sweepRadius": 2.5,

        "twoHandedLevel": 2,
        "twoHandedMajDamage": 4,
        "twoHandedMajSpeed": 0.5
      },

      "stone_battle_axe": {
        "tier": "Stone",
        "weaponType": "Axe",

        "damage": 9.7,
        "speed": 0.6,
        "range": 3.25,

        "twoHandedLevel": 1,
		"createThdCopy": true,
        "twoHandedMinDamage": 1,
        "twoHandedMajDamage": 3,
        "twoHandedMinSpeed": 0.1,
        "twoHandedMajSpeed": 0.3
      },

      "stone_glaive": {
        "tier": "Stone",

        "damage": 6.8,
        "speed": 1,
        "range": 4,

        "canSweep": true,

        "twoHandedLevel": 2,
        "twoHandedMajDamage": 4,
        "twoHandedMajSpeed": 0.5
      },

      "stone_spear": {
        "tier": "Stone",

        "damage": 3.7,
        "speed": 1.3,
        "range": 4.2,

        "piercingAmount": 0.8,

        "twoHandedLevel": 1,
		"createThdCopy": true,
        "twoHandedMajDamage": 2,
        "twoHandedMinSpeed": 0.1,
        "twoHandedMajSpeed": 0.55
      },

      "stone_halberd": {
        "tier": "Stone",

        "damage": 6.4,
        "speed": 0.7,
        "range": 4.5,

        "piercingChance": 0.5,
        "piercingAmount": 2,
        "breachChance": 1,
        "breachTime": 1.5,

        "twoHandedLevel": 2,
        "twoHandedMajDamage": 4,
        "twoHandedMajSpeed": 0.2
      },

      "stone_pike": {
        "tier": "Stone",

        "damage": 5,
        "speed": 0.8,
        "range": 5,

        "piercingAmount": 1,

        "twoHandedLevel": 2,
        "twoHandedMajDamage": 3,
        "twoHandedMajSpeed": 0.3
      },

      "stone_throwing_knife": {
        "tier": "Stone",

        "damage": 2,
        "speed": 3,
        "range": 1.8,

        "invincibilityTime": 5,


        "throwingWeapon": {
          "damage": 3,
          "force": 1.5,
          "ammo": 8,

          "chargeTime": 8,
          "inaccuracy": 0.5,
          "weight": 1,
          "waterInertia": 0.7,

          "modelData": {
            "textureSize": "16X",
            "useAnim": "spear",
            "rotating": false,
            "horizontal": false
          }
        }
      },

      "stone_shuriken": {
        "tier": "Stone",

        "damage": 2,
        "speed": 2.5,
        "range": 1.8,

        "invincibilityTime": 5,

        "throwingWeapon": {
          "damage": 2.5,
          "force": 1.3,
          "ammo": 8,

          "chargeTime": 4,
          "inaccuracy": 4,
          "weight": 1,
          "waterInertia": 0.3,

          "modelData": {
            "textureSize": "16X",
            "useAnim": "spear",
            "rotating": true,
            "horizontal": false
          }
        }
      },

      "stone_chakram": {
        "tier": "Stone",

        "damage": 3,
        "speed": 2,
        "range": 2.25,

        "throwingWeapon": {
          "damage": 5,
          "force": 2.5,
          "ammo": 4,

          "chargeTime": 5,
          "inaccuracy": 1.5,
          "weight": 0.5,
          "waterInertia": 0.6,

          "modelData": {
            "textureSize": "16X",
            "useAnim": "spear",
            "rotating": true,
            "horizontal": true
          }
        }
      },

      "stone_javelin": {
        "tier": "Stone",

        "damage": 3,
        "speed": 1.2,
        "range": 4,

        "piercingAmount": 0.8,

        "throwingWeapon": {
          "damage": 7,
          "force": 3,
          "ammo": 4,

          "chargeTime": 15,
          "inaccuracy": 1,
          "weight": 1,
          "waterInertia": 0.7,

          "modelData": {
            "textureSize": "32X",
            "useAnim": "spear",
            "rotating": false,
            "horizontal": false
          }
        }
      },

      "golden_dagger": {
        "tier": "Gold",

        "damage": 2.4,
        "speed": 3.5,
        "range": 1.8,

        "invincibilityTime": 5,

        "canSweep": true,
        "sweepRadius": 0.25
      },

      "golden_shortsword": {
        "tier": "Gold",

        "damage": 3.8,
        "speed": 2.2,
        "range": 2.25,

        "canSweep": true,
        "sweepRadius": 0.75
      },

      "golden_stiletto": {
        "tier": "Gold",

        "damage": 2.6,
        "speed": 2.5,
        "range": 2,

        "piercingChance": 0.25,
        "piercingAmount": 2,
        "invincibilityTime": 7
      },

      "golden_rapier": {
        "tier": "Gold",

        "damage": 2.6,
        "speed": 2,

        "unarmoredBonus": 1,

        "canSweep": true
      },

      "golden_katana": {
        "tier": "Gold",

        "damage": 4.3,
        "speed": 1.8,
        "range": 3.25,

        "canSweep": true,
        "sweepRadius": 1.25,
        "sweepDamage": 2,

        "twoHandedLevel": 1,
		"createThdCopy": true,
        "twoHandedMinDamage": 1,
        "twoHandedMajDamage": 3,
        "twoHandedMinSpeed": 0.05,
        "twoHandedMajSpeed": 1
      },

      "golden_greatsword": {
        "tier": "Gold",

        "damage": 4,
        "speed": 1.2,
        "range": 3.5,

        "canSweep": true,
        "sweepRadius": 1.5,
        "sweepDamage": 3,

        "twoHandedLevel": 2,
        "twoHandedMajDamage": 4,
        "twoHandedMajSpeed": 0.4
      },

      "golden_longsword": {
        "tier": "Gold",

        "damage": 5.3,
        "speed": 1.3,
        "range": 3.5,

        "canSweep": true,
        "sweepRadius": 2,

        "twoHandedLevel": 2,
        "twoHandedMajDamage": 4,
        "twoHandedMajSpeed": 0.4
      },

      "golden_twinblade": {
        "tier": "Gold",

        "damage": 4.5,
        "speed": 1.9,
        "range": 3.5,

        "canSweep": true,

        "twoHandedLevel": 2,
        "twoHandedMajDamage": 4,
        "twoHandedMajSpeed": 0.4
      },

      "golden_zweihander": {
        "tier": "Gold",

        "damage": 3.2,
        "speed": 1,
        "range": 4,

        "canSweep": true,
        "sweepRadius": 2.5,

        "twoHandedLevel": 2,
        "twoHandedMajDamage": 3,
        "twoHandedMajSpeed": 0.5
      },

      "golden_battle_axe": {
        "tier": "Gold",
        "weaponType": "Axe",

        "damage": 7,
        "speed": 0.6,
        "range": 3.25,

        "twoHandedLevel": 1,
		"createThdCopy": true,
        "twoHandedMinDamage": 1,
        "twoHandedMajDamage": 3,
        "twoHandedMinSpeed": 0.1,
        "twoHandedMajSpeed": 0.3
      },

      "golden_glaive": {
        "tier": "Gold",

        "damage": 5.2,
        "speed": 1,
        "range": 4,

        "canSweep": true,

        "twoHandedLevel": 2,
        "twoHandedMajDamage": 4,
        "twoHandedMajSpeed": 0.5
      },

      "golden_spear": {
        "tier": "Gold",

        "damage": 2.5,
        "speed": 1.3,
        "range": 4.2,

        "piercingAmount": 0.8,

        "twoHandedLevel": 1,
		"createThdCopy": true,
        "twoHandedMajDamage": 1,
        "twoHandedMinSpeed": 0.1,
        "twoHandedMajSpeed": 0.55
      },

      "golden_halberd": {
        "tier": "Gold",

        "damage": 4.1,
        "speed": 0.7,
        "range": 4.5,

        "piercingChance": 0.5,
        "piercingAmount": 4,
        "breachChance": 1,
        "breachTime": 1.5,

        "twoHandedLevel": 2,
        "twoHandedMajDamage": 3,
        "twoHandedMajSpeed": 0.2
      },

      "golden_pike": {
        "tier": "Gold",

        "damage": 3,
        "speed": 0.8,
        "range": 5,

        "piercingAmount": 1,

        "twoHandedLevel": 2,
        "twoHandedMajDamage": 2,
        "twoHandedMajSpeed": 0.3
      },

      "golden_throwing_knife": {
        "tier": "Gold",

        "damage": 4,
        "speed": 3,
        "range": 1.8,

        "invincibilityTime": 5,


        "throwingWeapon": {
          "damage": 2,
          "force": 1.5,
          "ammo": 8,

          "chargeTime": 8,
          "inaccuracy": 0.5,
          "weight": 1,
          "waterInertia": 0.7,

          "modelData": {
            "textureSize": "16X",
            "useAnim": "spear",
            "rotating": false,
            "horizontal": false
          }
        }
      },

      "golden_shuriken": {
        "tier": "Gold",

        "damage": 1,
        "speed": 2.5,
        "range": 1.8,

        "invincibilityTime": 5,

        "throwingWeapon": {
          "damage": 1.5,
          "force": 1.3,
          "ammo": 8,

          "chargeTime": 4,
          "inaccuracy": 4,
          "weight": 1,
          "waterInertia": 0.3,

          "modelData": {
            "textureSize": "16X",
            "useAnim": "spear",
            "rotating": true,
            "horizontal": false
          }
        }
      },

      "golden_chakram": {
        "tier": "Gold",

        "damage": 2,
        "speed": 2,
        "range": 2.25,

        "throwingWeapon": {
          "damage": 3,
          "force": 2.5,
          "ammo": 4,

          "chargeTime": 5,
          "inaccuracy": 1.5,
          "weight": 0.5,
          "waterInertia": 0.6,

          "modelData": {
            "textureSize": "16X",
            "useAnim": "spear",
            "rotating": true,
            "horizontal": true
          }
        }
      },

      "golden_javelin": {
        "tier": "Gold",

        "damage": 2,
        "speed": 1.2,
        "range": 4,

        "piercingAmount": 0.8,

        "throwingWeapon": {
          "damage": 5,
          "force": 3,
          "ammo": 4,

          "chargeTime": 15,
          "inaccuracy": 1,
          "weight": 1,
          "waterInertia": 0.7,

          "modelData": {
            "textureSize": "32X",
            "useAnim": "spear",
            "rotating": false,
            "horizontal": false
          }
        }
      },

      "iron_dagger": {
        "tier": "Iron",

        "damage": 3.5,
        "speed": 3.5,
        "range": 1.8,

        "invincibilityTime": 5,

        "canSweep": true,
        "sweepRadius": 0.25
      },

      "iron_shortsword": {
        "tier": "Iron",

        "damage": 5.3,
        "speed": 2.2,
        "range": 2.25,

        "canSweep": true,
        "sweepRadius": 0.75
      },

      "iron_stiletto": {
        "tier": "Iron",

        "damage": 3.6,
        "speed": 2.5,
        "range": 2,

        "piercingChance": 0.25,
        "piercingAmount": 3,
        "invincibilityTime": 7
      },

      "iron_rapier": {
        "tier": "Iron",

        "damage": 4,
        "speed": 2,

        "unarmoredBonus": 2.2,

        "canSweep": true
      },

      "iron_katana": {
        "tier": "Iron",

        "damage": 6.1,
        "speed": 1.8,
        "range": 3.25,

        "canSweep": true,
        "sweepRadius": 1.25,
        "sweepDamage": 2,

        "twoHandedLevel": 1,
		"createThdCopy": true,
        "twoHandedMinDamage": 1,
        "twoHandedMajDamage": 4,
        "twoHandedMinSpeed": 0.1,
        "twoHandedMajSpeed": 1
      },

      "iron_greatsword": {
        "tier": "Iron",

        "damage": 6.7,
        "speed": 1.2,
        "range": 3.5,

        "canSweep": true,
        "sweepRadius": 1.5,
        "sweepDamage": 4,

        "twoHandedLevel": 2,
        "twoHandedMajDamage": 5,
        "twoHandedMajSpeed": 0.4
      },

      "iron_longsword": {
        "tier": "Iron",

        "damage": 7.8,
        "speed": 1.3,
        "range": 3.5,

        "canSweep": true,
        "sweepRadius": 2,

        "twoHandedLevel": 2,
        "twoHandedMajDamage": 5,
        "twoHandedMajSpeed": 0.4
      },

      "iron_twinblade": {
        "tier": "Iron",

        "damage": 6.2,
        "speed": 1.9,
        "range": 3.5,

        "canSweep": true,

        "twoHandedLevel": 2,
        "twoHandedMajDamage": 5,
        "twoHandedMajSpeed": 0.4
      },

      "iron_zweihander": {
        "tier": "Iron",

        "damage": 6.4,
        "speed": 1,
        "range": 4,

        "canSweep": true,
        "sweepRadius": 2.5,
        "sweepDamage": 2,

        "twoHandedLevel": 2,
        "twoHandedMajDamage": 4,
        "twoHandedMajSpeed": 0.5
      },

      "iron_battle_axe": {
        "tier": "Iron",
        "weaponType": "Axe",

        "damage": 12.3,
        "speed": 0.6,
        "range": 3.25,

        "twoHandedLevel": 1,
		"createThdCopy": true,
        "twoHandedMinDamage": 1,
        "twoHandedMajDamage": 3,
        "twoHandedMinSpeed": 0.1,
        "twoHandedMajSpeed": 0.3
      },

      "iron_glaive": {
        "tier": "Iron",

        "damage": 8.4,
        "speed": 1,
        "range": 4,

        "canSweep": true,

        "twoHandedLevel": 2,
        "twoHandedMajDamage": 4,
        "twoHandedMajSpeed": 0.5
      },

      "iron_spear": {
        "tier": "Iron",

        "damage": 5,
        "speed": 1.3,
        "range": 4.2,

        "piercingAmount": 0.8,

        "twoHandedLevel": 1,
		"createThdCopy": true,
        "twoHandedMajDamage": 2,
        "twoHandedMinSpeed": 0.1,
        "twoHandedMajSpeed": 0.55
      },

      "iron_halberd": {
        "tier": "Iron",

        "damage": 8.2,
        "speed": 0.7,
        "range": 4.5,

        "piercingChance": 0.5,
        "piercingAmount": 3,
        "breachChance": 1,
        "breachTime": 1.5,

        "twoHandedLevel": 2,
        "twoHandedMajDamage": 3,
        "twoHandedMajSpeed": 0.2
      },

      "iron_pike": {
        "tier": "Iron",

        "damage": 7,
        "speed": 0.8,
        "range": 5,

        "piercingAmount": 1,

        "twoHandedLevel": 2,
        "twoHandedMajDamage": 3,
        "twoHandedMajSpeed": 0.3
      },

      "iron_throwing_knife": {
        "tier": "Iron",

        "damage": 3,
        "speed": 3,
        "range": 1.8,

        "invincibilityTime": 5,


        "throwingWeapon": {
          "damage": 6,
          "force": 1.5,
          "ammo": 8,

          "chargeTime": 8,
          "inaccuracy": 0.5,
          "weight": 1,
          "waterInertia": 0.7,

          "modelData": {
            "textureSize": "16X",
            "useAnim": "spear",
            "rotating": false,
            "horizontal": false
          }
        }
      },

      "iron_shuriken": {
        "tier": "Iron",

        "damage": 3,
        "speed": 2.5,
        "range": 1.8,

        "invincibilityTime": 5,

        "throwingWeapon": {
          "damage": 3.5,
          "force": 1.3,
          "ammo": 8,

          "chargeTime": 4,
          "inaccuracy": 4,
          "weight": 1,
          "waterInertia": 0.3,

          "modelData": {
            "textureSize": "16X",
            "useAnim": "spear",
            "rotating": true,
            "horizontal": false
          }
        }
      },

      "iron_chakram": {
        "tier": "Iron",

        "damage": 4,
        "speed": 2,
        "range": 2.25,

        "throwingWeapon": {
          "damage": 7,
          "force": 2.5,
          "ammo": 4,

          "chargeTime": 5,
          "inaccuracy": 1.5,
          "weight": 0.5,
          "waterInertia": 0.6,

          "modelData": {
            "textureSize": "16X",
            "useAnim": "spear",
            "rotating": true,
            "horizontal": true
          }
        }
      },

      "iron_javelin": {
        "tier": "Iron",

        "damage": 4,
        "speed": 1.2,
        "range": 4,

        "piercingAmount": 0.8,

        "throwingWeapon": {
          "damage": 9,
          "force": 3,
          "ammo": 4,

          "chargeTime": 15,
          "inaccuracy": 1,
          "weight": 1,
          "waterInertia": 0.7,

          "modelData": {
            "textureSize": "32X",
            "useAnim": "spear",
            "rotating": false,
            "horizontal": false
          }
        }
      },

      "silver_dagger": {
        "dependencies": "caverns_and_chasms",

        "tier": "Silver",

        "damage": 2.5,
        "speed": 3.5,
        "range": 1.8,

        "invincibilityTime": 5,
        "magicDamage": 1,

        "canSweep": true,
        "sweepRadius": 0.25
      },

      "silver_shortsword": {
        "dependencies": "caverns_and_chasms",

        "tier": "Silver",

        "damage": 3.3,
        "speed": 2.2,
        "range": 2.25,

        "magicDamage": 2,

        "canSweep": true,
        "sweepRadius": 0.75
      },

      "silver_stiletto": {
        "dependencies": "caverns_and_chasms",

        "tier": "Silver",

        "damage": 2.6,
        "speed": 2.5,
        "range": 2,

        "piercingChance": 0.25,
        "piercingAmount": 3,
        "invincibilityTime": 7,
        "magicDamage": 1
      },

      "silver_rapier": {
        "dependencies": "caverns_and_chasms",

        "tier": "Silver",

        "damage": 2,
        "speed": 2,

        "unarmoredBonus": 2.2,
        "magicDamage": 2,

        "canSweep": true
      },

      "silver_katana": {
        "dependencies": "caverns_and_chasms",

        "tier": "Silver",

        "damage": 3.1,
        "speed": 1.8,
        "range": 3.25,

        "magicDamage": 3,

        "canSweep": true,
        "sweepRadius": 1.25,
        "sweepDamage": 2,

        "twoHandedLevel": 1,
		"createThdCopy": true,
        "twoHandedMinDamage": 1,
        "twoHandedMajDamage": 4,
        "twoHandedMinSpeed": 0.1,
        "twoHandedMajSpeed": 1
      },

      "silver_greatsword": {
        "dependencies": "caverns_and_chasms",

        "tier": "Silver",

        "damage": 3.7,
        "speed": 1.2,
        "range": 3.5,

        "magicDamage": 3,

        "canSweep": true,
        "sweepRadius": 1.5,
        "sweepDamage": 4,

        "twoHandedLevel": 2,
        "twoHandedMajDamage": 5,
        "twoHandedMajSpeed": 0.4
      },

      "silver_longsword": {
        "dependencies": "caverns_and_chasms",

        "tier": "Silver",

        "damage": 4.8,
        "speed": 1.3,
        "range": 3.5,

        "magicDamage": 3,

        "canSweep": true,
        "sweepRadius": 2,

        "twoHandedLevel": 2,
        "twoHandedMajDamage": 5,
        "twoHandedMajSpeed": 0.4
      },

      "silver_twinblade": {
        "dependencies": "caverns_and_chasms",

        "tier": "Silver",

        "damage": 3.2,
        "speed": 1.9,
        "range": 3.5,

        "magicDamage": 3,

        "canSweep": true,

        "twoHandedLevel": 2,
        "twoHandedMajDamage": 5,
        "twoHandedMajSpeed": 0.4
      },

      "silver_zweihander": {
        "dependencies": "caverns_and_chasms",

        "tier": "Silver",

        "damage": 3.4,
        "speed": 1,
        "range": 4,

        "magicDamage": 3,

        "canSweep": true,
        "sweepRadius": 2.5,
        "sweepDamage": 2,

        "twoHandedLevel": 2,
        "twoHandedMajDamage": 4,
        "twoHandedMajSpeed": 0.5
      },

      "silver_battle_axe": {
        "dependencies": "caverns_and_chasms",

        "tier": "Silver",
        "weaponType": "Axe",

        "damage": 12.3,
        "speed": 0.6,
        "range": 3.25,

        "twoHandedLevel": 1,
		"createThdCopy": true,
        "twoHandedMinDamage": 1,
        "twoHandedMajDamage": 3,
        "twoHandedMinSpeed": 0.1,
        "twoHandedMajSpeed": 0.3
      },

      "silver_glaive": {
        "dependencies": "caverns_and_chasms",

        "tier": "Silver",

        "damage": 5.4,
        "speed": 1,
        "range": 4,

        "magicDamage": 3,

        "canSweep": true,

        "twoHandedLevel": 2,
        "twoHandedMajDamage": 4,
        "twoHandedMajSpeed": 0.5
      },

      "silver_spear": {
        "dependencies": "caverns_and_chasms",

        "tier": "Silver",

        "damage": 3,
        "speed": 1.3,
        "range": 4.2,

        "piercingAmount": 0.8,
        "magicDamage": 2,

        "twoHandedLevel": 1,
		"createThdCopy": true,
        "twoHandedMajDamage": 2,
        "twoHandedMinSpeed": 0.1,
        "twoHandedMajSpeed": 0.55
      },

      "silver_halberd": {
        "dependencies": "caverns_and_chasms",

        "tier": "Silver",

        "damage": 5.2,
        "speed": 0.7,
        "range": 4.5,

        "piercingChance": 0.5,
        "piercingAmount": 3,
        "breachChance": 1,
        "breachTime": 1.5,
        "magicDamage": 3,

        "twoHandedLevel": 2,
        "twoHandedMajDamage": 3,
        "twoHandedMajSpeed": 0.2
      },

      "silver_pike": {
        "dependencies": "caverns_and_chasms",

        "tier": "Silver",

        "damage": 4,
        "speed": 0.8,
        "range": 5,

        "piercingAmount": 1,
        "magicDamage": 3,

        "twoHandedLevel": 2,
        "twoHandedMajDamage": 3,
        "twoHandedMajSpeed": 0.3
      },

      "silver_throwing_knife": {
        "dependencies": "caverns_and_chasms",

        "tier": "Silver",

        "damage": 1,
        "speed": 3,
        "range": 1.8,

        "invincibilityTime": 5,
        "magicDamage": 2,


        "throwingWeapon": {
          "damage": 4,
          "force": 1.5,
          "ammo": 8,

          "chargeTime": 8,
          "inaccuracy": 0.5,
          "weight": 1,
          "waterInertia": 0.7,

          "magicDamage": 3,

          "modelData": {
            "textureSize": "16X",
            "useAnim": "spear",
            "rotating": false,
            "horizontal": false
          }
        }
      },

      "silver_shuriken": {
        "dependencies": "caverns_and_chasms",

        "tier": "Silver",

        "damage": 2,
        "speed": 2.5,
        "range": 1.8,

        "invincibilityTime": 5,
        "magicDamage": 1,

        "throwingWeapon": {
          "damage": 2.5,
          "force": 1.3,
          "ammo": 8,

          "chargeTime": 4,
          "inaccuracy": 4,
          "weight": 1,
          "waterInertia": 0.3,

          "magicDamage": 1,

          "modelData": {
            "textureSize": "16X",
            "useAnim": "spear",
            "rotating": true,
            "horizontal": false
          }
        }
      },

      "silver_chakram": {
        "dependencies": "caverns_and_chasms",

        "tier": "Silver",

        "damage": 1,
        "speed": 2,
        "range": 2.25,

        "magicDamage": 3,

        "throwingWeapon": {
          "damage": 4,
          "force": 2.5,
          "ammo": 4,

          "chargeTime": 5,
          "inaccuracy": 1.5,
          "weight": 0.5,
          "waterInertia": 0.6,

          "magicDamage": 3,

          "modelData": {
            "textureSize": "16X",
            "useAnim": "spear",
            "rotating": true,
            "horizontal": true
          }
        }
      },

      "silver_javelin": {
        "dependencies": "caverns_and_chasms",

        "tier": "Silver",

        "damage": 1,
        "speed": 1.2,
        "range": 4,

        "piercingAmount": 0.8,
        "magicDamage": 3,

        "throwingWeapon": {
          "damage": 6,
          "force": 3,
          "ammo": 4,

          "chargeTime": 15,
          "inaccuracy": 1,
          "weight": 1,
          "waterInertia": 0.7,

          "magicDamage": 3,

          "modelData": {
            "textureSize": "32X",
            "useAnim": "spear",
            "rotating": false,
            "horizontal": false
          }
        }
      },

      "diamond_dagger": {
        "tier": "Diamond",

        "damage": 4,
        "speed": 3.5,
        "range": 1.8,

        "invincibilityTime": 5,

        "canSweep": true,
        "sweepRadius": 0.25
      },

      "diamond_shortsword": {
        "tier": "Diamond",

        "damage": 6,
        "speed": 2.2,
        "range": 2.25,

        "canSweep": true,
        "sweepRadius": 0.75
      },

      "diamond_stiletto": {
        "tier": "Diamond",

        "damage": 4,
        "speed": 2.5,
        "range": 2,

        "piercingChance": 0.25,
        "piercingAmount": 4,
        "invincibilityTime": 7
      },

      "diamond_rapier": {
        "tier": "Diamond",

        "damage": 4,
        "speed": 2,

        "unarmoredBonus": 3,

        "canSweep": true
      },

      "diamond_katana": {
        "tier": "Diamond",

        "damage": 7,
        "speed": 1.8,
        "range": 3.25,

        "canSweep": true,
        "sweepRadius": 1.25,
        "sweepDamage": 2,

        "twoHandedLevel": 1,
		"createThdCopy": true,
        "twoHandedMinDamage": 2,
        "twoHandedMajDamage": 5,
        "twoHandedMinSpeed": 0.05,
        "twoHandedMajSpeed": 1
      },

      "diamond_greatsword": {
        "tier": "Diamond",

        "damage": 8,
        "speed": 1.2,
        "range": 3.5,

        "canSweep": true,
        "sweepRadius": 1.5,
        "sweepDamage": 5,

        "twoHandedLevel": 2,
        "twoHandedMajDamage": 6,
        "twoHandedMajSpeed": 0.4
      },

      "diamond_longsword": {
        "tier": "Diamond",

        "damage": 9,
        "speed": 1.3,
        "range": 3.5,

        "canSweep": true,
        "sweepRadius": 2,

        "twoHandedLevel": 2,
        "twoHandedMajDamage": 6,
        "twoHandedMajSpeed": 0.4
      },

      "diamond_twinblade": {
        "tier": "Diamond",

        "damage": 7,
        "speed": 1.9,
        "range": 3.5,

        "canSweep": true,

        "twoHandedLevel": 2,
        "twoHandedMajDamage": 6,
        "twoHandedMajSpeed": 0.4
      },

      "diamond_zweihander": {
        "tier": "Diamond",

        "damage": 8,
        "speed": 1,
        "range": 4,

        "canSweep": true,
        "sweepRadius": 2.5,
        "sweepDamage": 2,

        "twoHandedLevel": 2,
        "twoHandedMajDamage": 5,
        "twoHandedMajSpeed": 0.5
      },

      "diamond_battle_axe": {
        "tier": "Diamond",
        "weaponType": "Axe",

        "damage": 15,
        "speed": 0.6,
        "range": 3.25,

        "twoHandedLevel": 1,
		"createThdCopy": true,
        "twoHandedMinDamage": 1,
        "twoHandedMajDamage": 4,
        "twoHandedMinSpeed": 0.1,
        "twoHandedMajSpeed": 0.3
      },

      "diamond_glaive": {
        "tier": "Diamond",

        "damage": 10,
        "speed": 1,
        "range": 4,

        "canSweep": true,

        "twoHandedLevel": 2,
        "twoHandedMajDamage": 4,
        "twoHandedMajSpeed": 0.5
      },

      "diamond_spear": {
        "tier": "Diamond",

        "damage": 5,
        "speed": 1.3,
        "range": 4.2,

        "piercingAmount": 2,

        "twoHandedLevel": 1,
		"createThdCopy": true,
        "twoHandedMajDamage": 3,
        "twoHandedMinSpeed": 0.1,
        "twoHandedMajSpeed": 0.55
      },

      "diamond_halberd": {
        "tier": "Diamond",

        "damage": 10,
        "speed": 0.7,
        "range": 4.5,

        "piercingChance": 0.5,
        "piercingAmount": 4,
        "breachChance": 1,
        "breachTime": 1.5,

        "twoHandedLevel": 2,
        "twoHandedMajDamage": 5,
        "twoHandedMajSpeed": 0.2
      },

      "diamond_pike": {
        "tier": "Diamond",

        "damage": 8,
        "speed": 0.8,
        "range": 5,

        "piercingAmount": 2,

        "twoHandedLevel": 2,
        "twoHandedMajDamage": 4,
        "twoHandedMajSpeed": 0.3
      },

      "diamond_throwing_knife": {
        "tier": "Diamond",

        "damage": 3,
        "speed": 3,
        "range": 1.8,

        "invincibilityTime": 5,


        "throwingWeapon": {
          "damage": 7,
          "force": 1.5,
          "ammo": 8,

          "chargeTime": 8,
          "inaccuracy": 0.5,
          "weight": 1,
          "waterInertia": 0.7,

          "modelData": {
            "textureSize": "16X",
            "useAnim": "spear",
            "rotating": false,
            "horizontal": false
          }
        }
      },

      "diamond_shuriken": {
        "tier": "Diamond",

        "damage": 3,
        "speed": 2.5,
        "range": 1.8,

        "invincibilityTime": 5,

        "throwingWeapon": {
          "damage": 4.5,
          "force": 1.3,
          "ammo": 8,

          "chargeTime": 4,
          "inaccuracy": 4,
          "weight": 1,
          "waterInertia": 0.3,

          "modelData": {
            "textureSize": "16X",
            "useAnim": "spear",
            "rotating": true,
            "horizontal": false
          }
        }
      },

      "diamond_chakram": {
        "tier": "Diamond",

        "damage": 5,
        "speed": 2,
        "range": 2.25,

        "throwingWeapon": {
          "damage": 9,
          "force": 2.5,
          "ammo": 4,

          "chargeTime": 5,
          "inaccuracy": 1.5,
          "weight": 0.5,
          "waterInertia": 0.6,

          "modelData": {
            "textureSize": "16X",
            "useAnim": "spear",
            "rotating": true,
            "horizontal": true
          }
        }
      },

      "diamond_javelin": {
        "tier": "Diamond",

        "damage": 4,
        "speed": 1.2,
        "range": 4,

        "piercingAmount": 1,

        "throwingWeapon": {
          "damage": 11,
          "force": 3,
          "ammo": 4,

          "chargeTime": 15,
          "inaccuracy": 1,
          "weight": 1,
          "waterInertia": 0.7,

          "modelData": {
            "textureSize": "32X",
            "useAnim": "spear",
            "rotating": false,
            "horizontal": false
          }
        }
      },

      "netherite_dagger": {
        "tier": "Netherite",

        "damage": 4.5,
        "speed": 3.5,
        "range": 1.8,

        "invincibilityTime": 5,

        "canSweep": true,
        "sweepRadius": 0.25
      },

      "netherite_shortsword": {
        "tier": "Netherite",

        "damage": 6.7,
        "speed": 2.2,
        "range": 2.25,

        "canSweep": true,
        "sweepRadius": 0.75
      },

      "netherite_stiletto": {
        "tier": "Netherite",

        "damage": 4.6,
        "speed": 2.5,
        "range": 2,

        "piercingChance": 0.25,
        "piercingAmount": 4,
        "invincibilityTime": 7
      },

      "netherite_rapier": {
        "tier": "Netherite",

        "damage": 4.8,
        "speed": 2,

        "unarmoredBonus": 3,

        "canSweep": true
      },

      "netherite_katana": {
        "tier": "Netherite",

        "damage": 7.9,
        "speed": 1.8,
        "range": 3.25,

        "canSweep": true,
        "sweepRadius": 1.25,
        "sweepDamage": 2,

        "twoHandedLevel": 1,
		"createThdCopy": true,
        "twoHandedMinDamage": 2,
        "twoHandedMajDamage": 5,
        "twoHandedMinSpeed": 0.05,
        "twoHandedMajSpeed": 1
      },

      "netherite_greatsword": {
        "tier": "Netherite",

        "damage": 9.3,
        "speed": 1.2,
        "range": 3.5,

        "canSweep": true,
        "sweepRadius": 1.5,
        "sweepDamage": 5,

        "twoHandedLevel": 2,
        "twoHandedMajDamage": 6,
        "twoHandedMajSpeed": 0.4
      },

      "netherite_longsword": {
        "tier": "Netherite",

        "damage": 10.2,
        "speed": 1.3,
        "range": 3.5,

        "canSweep": true,
        "sweepRadius": 2,

        "twoHandedLevel": 2,
        "twoHandedMajDamage": 6,
        "twoHandedMajSpeed": 0.4
      },

      "netherite_twinblade": {
        "tier": "Netherite",

        "damage": 7.8,
        "speed": 1.9,
        "range": 3.5,

        "canSweep": true,

        "twoHandedLevel": 2,
        "twoHandedMajDamage": 6,
        "twoHandedMajSpeed": 0.4
      },

      "netherite_zweihander": {
        "tier": "Netherite",

        "damage": 9.6,
        "speed": 1,
        "range": 4,

        "canSweep": true,
        "sweepRadius": 2.5,
        "sweepDamage": 2,

        "twoHandedLevel": 2,
        "twoHandedMajDamage": 5,
        "twoHandedMajSpeed": 0.5
      },

      "netherite_battle_axe": {
        "tier": "Netherite",
        "weaponType": "Axe",

        "damage": 17.7,
        "speed": 0.6,
        "range": 3.25,

        "twoHandedLevel": 1,
		"createThdCopy": true,
        "twoHandedMinDamage": 1,
        "twoHandedMajDamage": 5,
        "twoHandedMinSpeed": 0.1,
        "twoHandedMajSpeed": 0.3
      },

      "netherite_glaive": {
        "tier": "Netherite",

        "damage": 11.6,
        "speed": 1,
        "range": 4,

        "canSweep": true,

        "twoHandedLevel": 2,
        "twoHandedMajDamage": 4,
        "twoHandedMajSpeed": 0.5
      },

      "netherite_spear": {
        "tier": "Netherite",

        "damage": 6.2,
        "speed": 1.3,
        "range": 4.2,

        "piercingAmount": 2,

        "twoHandedLevel": 1,
		"createThdCopy": true,
        "twoHandedMajDamage": 3,
        "twoHandedMinSpeed": 0.1,
        "twoHandedMajSpeed": 0.55
      },

      "netherite_halberd": {
        "tier": "Netherite",

        "damage": 12.3,
        "speed": 0.7,
        "range": 4.5,

        "piercingChance": 0.5,
        "piercingAmount": 4,
        "breachChance": 1,
        "breachTime": 1.5,

        "twoHandedLevel": 2,
        "twoHandedMajDamage": 5,
        "twoHandedMajSpeed": 0.2
      },

      "netherite_pike": {
        "tier": "Netherite",

        "damage": 10,
        "speed": 0.8,
        "range": 5,

        "piercingAmount": 2,

        "twoHandedLevel": 2,
        "twoHandedMajDamage": 4,
        "twoHandedMajSpeed": 0.3
      },

      "netherite_throwing_knife": {
        "tier": "Netherite",

        "damage": 4,
        "speed": 3,
        "range": 1.8,

        "invincibilityTime": 5,


        "throwingWeapon": {
          "damage": 8,
          "force": 1.5,
          "ammo": 8,

          "chargeTime": 8,
          "inaccuracy": 0.5,
          "weight": 1,
          "waterInertia": 0.7,

          "modelData": {
            "textureSize": "16X",
            "useAnim": "spear",
            "rotating": false,
            "horizontal": false
          }
        }
      },

      "netherite_shuriken": {
        "tier": "Netherite",

        "damage": 3,
        "speed": 2.5,
        "range": 1.8,

        "invincibilityTime": 5,

        "throwingWeapon": {
          "damage": 5,
          "force": 1.3,
          "ammo": 8,

          "chargeTime": 4,
          "inaccuracy": 4,
          "weight": 1,
          "waterInertia": 0.3,

          "modelData": {
            "textureSize": "16X",
            "useAnim": "spear",
            "rotating": true,
            "horizontal": false
          }
        }
      },

      "netherite_chakram": {
        "tier": "Netherite",

        "damage": 6,
        "speed": 2,
        "range": 2.25,

        "throwingWeapon": {
          "damage": 10,
          "force": 2.5,
          "ammo": 4,

          "chargeTime": 5,
          "inaccuracy": 1.5,
          "weight": 0.5,
          "waterInertia": 0.6,

          "modelData": {
            "textureSize": "16X",
            "useAnim": "spear",
            "rotating": true,
            "horizontal": true
          }
        }
      },

      "netherite_javelin": {
        "tier": "Netherite",

        "damage": 5,
        "speed": 1.2,
        "range": 4,

        "piercingAmount": 1,

        "throwingWeapon": {
          "damage": 12,
          "force": 3,
          "ammo": 4,

          "chargeTime": 15,
          "inaccuracy": 1,
          "weight": 1,
          "waterInertia": 0.7,

          "modelData": {
            "textureSize": "32X",
            "useAnim": "spear",
            "rotating": false,
            "horizontal": false
          }
        }
      },

      "necromium_dagger": {
        "dependencies": "caverns_and_chasms",

        "tier": "Necromium",

        "damage": 4,
        "speed": 3.5,
        "range": 1.8,

        "invincibilityTime": 5,
        "slownessInfliction": true,

        "canSweep": true,
        "sweepRadius": 0.25
      },

      "necromium_shortsword": {
        "dependencies": "caverns_and_chasms",

        "tier": "Necromium",

        "damage": 6,
        "speed": 2.2,
        "range": 2.25,

       "slownessInfliction": true,

        "canSweep": true,
        "sweepRadius": 0.75
      },

      "necromium_stiletto": {
        "dependencies": "caverns_and_chasms",

        "tier": "Necromium",

        "damage": 4,
        "speed": 2.5,
        "range": 2,

        "piercingChance": 0.25,
        "piercingAmount": 4,
        "invincibilityTime": 7,
        "slownessInfliction": true
      },

      "necromium_rapier": {
        "dependencies": "caverns_and_chasms",

        "tier": "Necromium",

        "damage": 4,
        "speed": 2,

        "unarmoredBonus": 3,
        "slownessInfliction": true,

        "canSweep": true
      },

      "necromium_katana": {
        "dependencies": "caverns_and_chasms",

        "tier": "Necromium",

        "damage": 7,
        "speed": 1.8,
        "range": 3.25,

        "slownessInfliction": true,

        "canSweep": true,
        "sweepRadius": 1.25,
        "sweepDamage": 2,

        "twoHandedLevel": 1,
		"createThdCopy": true,
        "twoHandedMinDamage": 2,
        "twoHandedMajDamage": 5,
        "twoHandedMinSpeed": 0.05,
        "twoHandedMajSpeed": 1
      },

      "necromium_greatsword": {
        "dependencies": "caverns_and_chasms",

        "tier": "Necromium",

        "damage": 8,
        "speed": 1.2,
        "range": 3.5,

       "slownessInfliction": true,

        "canSweep": true,
        "sweepRadius": 1.5,
        "sweepDamage": 5,

        "twoHandedLevel": 2,
        "twoHandedMajDamage": 6,
        "twoHandedMajSpeed": 0.4
      },

      "necromium_longsword": {
        "dependencies": "caverns_and_chasms",

        "tier": "Necromium",

        "damage": 9,
        "speed": 1.3,
        "range": 3.5,

        "slownessInfliction": true,

        "canSweep": true,
        "sweepRadius": 2,

        "twoHandedLevel": 2,
        "twoHandedMajDamage": 6,
        "twoHandedMajSpeed": 0.4
      },

      "necromium_twinblade": {
        "dependencies": "caverns_and_chasms",

        "tier": "Necromium",

        "damage": 7,
        "speed": 1.9,
        "range": 3.5,

        "slownessInfliction": true,

        "canSweep": true,

        "twoHandedLevel": 2,
        "twoHandedMajDamage": 6,
        "twoHandedMajSpeed": 0.4
      },

      "necromium_zweihander": {
        "dependencies": "caverns_and_chasms",

        "tier": "Necromium",

        "damage": 8,
        "speed": 1,
        "range": 4,

        "slownessInfliction": true,

        "canSweep": true,
        "sweepRadius": 2.5,
        "sweepDamage": 2,

        "twoHandedLevel": 2,
        "twoHandedMajDamage": 5,
        "twoHandedMajSpeed": 0.5
      },

      "necromium_battle_axe": {
        "dependencies": "caverns_and_chasms",

        "tier": "Necromium",
        "weaponType": "Axe",

        "damage": 15,
        "speed": 0.6,
        "range": 3.25,

        "slownessInfliction": true,

        "twoHandedLevel": 1,
		"createThdCopy": true,
        "twoHandedMinDamage": 1,
        "twoHandedMajDamage": 4,
        "twoHandedMinSpeed": 0.1,
        "twoHandedMajSpeed": 0.3
      },

      "necromium_glaive": {
        "dependencies": "caverns_and_chasms",

        "tier": "Necromium",

        "damage": 10,
        "speed": 1,
        "range": 4,

        "slownessInfliction": true,

        "canSweep": true,

        "twoHandedLevel": 2,
        "twoHandedMajDamage": 4,
        "twoHandedMajSpeed": 0.5
      },

      "necromium_spear": {
        "dependencies": "caverns_and_chasms",

        "tier": "Necromium",

        "damage": 5,
        "speed": 1.3,
        "range": 4.2,

        "piercingAmount": 2,
        "slownessInfliction": true,

        "twoHandedLevel": 1,
		"createThdCopy": true,
        "twoHandedMajDamage": 3,
        "twoHandedMinSpeed": 0.1,
        "twoHandedMajSpeed": 0.55
      },

      "necromium_halberd": {
        "dependencies": "caverns_and_chasms",

        "tier": "Necromium",

        "damage": 10,
        "speed": 0.7,
        "range": 4.5,

        "piercingChance": 0.5,
        "piercingAmount": 4,
        "breachChance": 1,
        "breachTime": 1.5,
        "slownessInfliction": true,

        "twoHandedLevel": 2,
        "twoHandedMajDamage": 5,
        "twoHandedMajSpeed": 0.2
      },

      "necromium_pike": {
        "dependencies": "caverns_and_chasms",

        "tier": "Necromium",

        "damage": 8,
        "speed": 0.8,
        "range": 5,

        "piercingAmount": 2,
        "slownessInfliction": true,

        "twoHandedLevel": 2,
        "twoHandedMajDamage": 4,
        "twoHandedMajSpeed": 0.3
      },

      "necromium_throwing_knife": {
        "dependencies": "caverns_and_chasms",

        "tier": "Necromium",

        "damage": 3,
        "speed": 3,
        "range": 1.8,

        "invincibilityTime": 5,
        "slownessInfliction": true,


        "throwingWeapon": {
          "damage": 7,
          "force": 1.5,
          "ammo": 8,

          "chargeTime": 8,
          "inaccuracy": 0.5,
          "weight": 1,
          "waterInertia": 0.7,

          "modelData": {
            "textureSize": "16X",
            "useAnim": "spear",
            "rotating": false,
            "horizontal": false
          }
        }
      },

      "necromium_shuriken": {
        "dependencies": "caverns_and_chasms",

        "tier": "Necromium",

        "damage": 3,
        "speed": 2.5,
        "range": 1.8,

        "invincibilityTime": 5,
        "slownessInfliction": true,

        "throwingWeapon": {
          "damage": 4.5,
          "force": 1.3,
          "ammo": 8,

          "chargeTime": 4,
          "inaccuracy": 4,
          "weight": 1,
          "waterInertia": 0.3,

          "modelData": {
            "textureSize": "16X",
            "useAnim": "spear",
            "rotating": true,
            "horizontal": false
          }
        }
      },

      "necromium_chakram": {
        "dependencies": "caverns_and_chasms",

        "tier": "Necromium",

        "damage": 5,
        "speed": 2,
        "range": 2.25,

        "slownessInfliction": true,

        "throwingWeapon": {
          "damage": 9,
          "force": 2.5,
          "ammo": 4,

          "chargeTime": 5,
          "inaccuracy": 1.5,
          "weight": 0.5,
          "waterInertia": 0.6,

          "modelData": {
            "textureSize": "16X",
            "useAnim": "spear",
            "rotating": true,
            "horizontal": true
          }
        }
      },

      "necromium_javelin": {
        "dependencies": "caverns_and_chasms",

        "tier": "Necromium",

        "damage": 4,
        "speed": 1.2,
        "range": 4,

        "piercingAmount": 1,
        "slownessInfliction": true,

        "throwingWeapon": {
          "damage": 11,
          "force": 3,
          "ammo": 4,

          "chargeTime": 15,
          "inaccuracy": 1,
          "weight": 1,
          "waterInertia": 0.7,

          "modelData": {
            "textureSize": "32X",
            "useAnim": "spear",
            "rotating": false,
            "horizontal": false
          }
        }
      },


      "electrum_dagger": {
        "dependencies": "oreganized",

        "tier": "Electrum",

        "damage": 4,
        "speed": 3.5,
        "range": 1.8,

        "invincibilityTime": 5,
        "kineticDamage": 1,

        "canSweep": true,
        "sweepRadius": 0.25
      },

      "electrum_shortsword": {
        "dependencies": "oreganized",

        "tier": "Electrum",

        "damage": 6,
        "speed": 2.2,
        "range": 2.25,

        "kineticDamage": 1.7,

        "canSweep": true,
        "sweepRadius": 0.75
      },

      "electrum_stiletto": {
        "dependencies": "oreganized",

        "tier": "Electrum",

        "damage": 4,
        "speed": 2.5,
        "range": 2,

        "piercingChance": 0.25,
        "piercingAmount": 4,
        "invincibilityTime": 7,
        "kineticDamage": 1.1
      },

      "electrum_rapier": {
        "dependencies": "oreganized",

        "tier": "Electrum",

        "damage": 4,
        "speed": 2,

        "unarmoredBonus": 3,
        "kineticDamage": 1.1,

        "canSweep": true
      },

      "electrum_katana": {
        "dependencies": "oreganized",

        "tier": "Electrum",

        "damage": 7,
        "speed": 1.8,
        "range": 3.25,

        "kineticDamage": 2,

        "canSweep": true,
        "sweepRadius": 1.25,
        "sweepDamage": 2,

        "twoHandedLevel": 1,
		"createThdCopy": true,
        "twoHandedMinDamage": 2,
        "twoHandedMajDamage": 5,
        "twoHandedMinSpeed": 0.05,
        "twoHandedMajSpeed": 1
      },

      "electrum_greatsword": {
        "dependencies": "oreganized",

        "tier": "Electrum",

        "damage": 8,
        "speed": 1.2,
        "range": 3.5,

        "kineticDamage": 2.2,

        "canSweep": true,
        "sweepRadius": 1.5,
        "sweepDamage": 5,

        "twoHandedLevel": 2,
        "twoHandedMajDamage": 6,
        "twoHandedMajSpeed": 0.4
      },

      "electrum_longsword": {
        "dependencies": "oreganized",

        "tier": "Electrum",

        "damage": 9,
        "speed": 1.3,
        "range": 3.5,

        "kineticDamage": 2.6,

        "canSweep": true,
        "sweepRadius": 2,

        "twoHandedLevel": 2,
        "twoHandedMajDamage": 6,
        "twoHandedMajSpeed": 0.4
      },

      "electrum_twinblade": {
        "dependencies": "oreganized",

        "tier": "Electrum",

        "damage": 7,
        "speed": 1.9,
        "range": 3.5,

        "kineticDamage": 1.6,

        "canSweep": true,

        "twoHandedLevel": 2,
        "twoHandedMajDamage": 6,
        "twoHandedMajSpeed": 0.4
      },

      "electrum_zweihander": {
        "dependencies": "oreganized",

        "tier": "Electrum",

        "damage": 8,
        "speed": 1,
        "range": 4,

        "kineticDamage": 3.2,

        "canSweep": true,
        "sweepRadius": 2.5,
        "sweepDamage": 2,

        "twoHandedLevel": 2,
        "twoHandedMajDamage": 5,
        "twoHandedMajSpeed": 0.5
      },

      "electrum_battle_axe": {
        "dependencies": "oreganized",

        "tier": "Electrum",
        "weaponType": "Axe",

        "damage": 15,
        "speed": 0.6,
        "range": 3.25,

        "kineticDamage": 4.3,

        "twoHandedLevel": 1,
		"createThdCopy": true,
        "twoHandedMinDamage": 1,
        "twoHandedMajDamage": 4,
        "twoHandedMinSpeed": 0.1,
        "twoHandedMajSpeed": 0.3
      },

      "electrum_glaive": {
        "dependencies": "oreganized",

        "tier": "Electrum",

        "damage": 10,
        "speed": 1,
        "range": 4,

        "kineticDamage": 2.9,

        "canSweep": true,

        "twoHandedLevel": 2,
        "twoHandedMajDamage": 4,
        "twoHandedMajSpeed": 0.5
      },

      "electrum_spear": {
        "dependencies": "oreganized",

        "tier": "Electrum",

        "damage": 5,
        "speed": 1.3,
        "range": 4.2,

        "piercingAmount": 2,
        "kineticDamage": 1.4,

        "twoHandedLevel": 1,
		"createThdCopy": true,
        "twoHandedMajDamage": 3,
        "twoHandedMinSpeed": 0.1,
        "twoHandedMajSpeed": 0.55
      },

      "electrum_halberd": {
        "dependencies": "oreganized",

        "tier": "Electrum",

        "damage": 10,
        "speed": 0.7,
        "range": 4.5,

        "piercingChance": 0.5,
        "piercingAmount": 4,
        "breachChance": 1,
        "breachTime": 1.5,
        "kineticDamage": 2.9,

        "twoHandedLevel": 2,
        "twoHandedMajDamage": 5,
        "twoHandedMajSpeed": 0.2
      },

      "electrum_pike": {
        "dependencies": "oreganized",

        "tier": "Electrum",

        "damage": 8,
        "speed": 0.8,
        "range": 5,

        "piercingAmount": 2,
        "kineticDamage": 2.3,

        "twoHandedLevel": 2,
        "twoHandedMajDamage": 4,
        "twoHandedMajSpeed": 0.3
      },

      "electrum_throwing_knife": {
        "dependencies": "oreganized",

        "tier": "Electrum",

        "damage": 1.9,
        "speed": 3,
        "range": 1.8,

        "invincibilityTime": 5,
        "kineticDamage": 2,


        "throwingWeapon": {
          "damage": 7,
          "force": 1.5,
          "ammo": 8,

          "chargeTime": 8,
          "inaccuracy": 0.5,
          "weight": 1,
          "waterInertia": 0.7,

          "modelData": {
            "textureSize": "16X",
            "useAnim": "spear",
            "rotating": false,
            "horizontal": false
          }
        }
      },

      "electrum_shuriken": {
        "dependencies": "oreganized",

        "tier": "Electrum",

        "damage": 2.9,
        "speed": 2.5,
        "range": 1.8,

        "invincibilityTime": 5,
        "kineticDamage": 1,

        "throwingWeapon": {
          "damage": 4.5,
          "force": 1.3,
          "ammo": 8,

          "chargeTime": 4,
          "inaccuracy": 4,
          "weight": 1,
          "waterInertia": 0.3,

          "modelData": {
            "textureSize": "16X",
            "useAnim": "spear",
            "rotating": true,
            "horizontal": false
          }
        }
      },

      "electrum_chakram": {
        "dependencies": "oreganized",

        "tier": "Electrum",

        "damage": 3.8,
        "speed": 2,
        "range": 2.25,

        "kineticDamage": 2.6,

        "throwingWeapon": {
          "damage": 9,
          "force": 2.5,
          "ammo": 4,

          "chargeTime": 5,
          "inaccuracy": 1.5,
          "weight": 0.5,
          "waterInertia": 0.6,

          "modelData": {
            "textureSize": "16X",
            "useAnim": "spear",
            "rotating": true,
            "horizontal": true
          }
        }
      },

      "electrum_javelin": {
        "dependencies": "oreganized",

        "tier": "Electrum",

        "damage": 2.3,
        "speed": 1.2,
        "range": 4,

        "piercingAmount": 1,
        "kineticDamage": 3.1,

        "throwingWeapon": {
          "damage": 11,
          "force": 3,
          "ammo": 4,

          "chargeTime": 15,
          "inaccuracy": 1,
          "weight": 1,
          "waterInertia": 0.7,

          "modelData": {
            "textureSize": "32X",
            "useAnim": "spear",
            "rotating": false,
            "horizontal": false
          }
        }
      },

      "adamantite_dagger": {
        "dependencies": "enlightened_end",

        "tier": "Adamantite",

        "damage": 5,
        "speed": 3.1,
        "range": 1.8,

        "invincibilityTime": 5,

        "canSweep": true,
        "sweepRadius": 0.25
      },

      "adamantite_shortsword": {
        "dependencies": "enlightened_end",

        "tier": "Adamantite",

        "damage": 7.4,
        "speed": 2,
        "range": 2.25,

        "canSweep": true,
        "sweepRadius": 0.75
      },

      "adamantite_stiletto": {
        "dependencies": "enlightened_end",

        "tier": "Adamantite",

        "damage": 5.2,
        "speed": 2.2,
        "range": 2,

        "piercingChance": 0.25,
        "piercingAmount": 4,
        "invincibilityTime": 7
      },

      "adamantite_rapier": {
        "dependencies": "enlightened_end",

        "tier": "Adamantite",

        "damage": 5.6,
        "speed": 1.8,

        "unarmoredBonus": 3,

        "canSweep": true
      },

      "adamantite_katana": {
        "dependencies": "enlightened_end",

        "tier": "Adamantite",

        "damage": 8.8,
        "speed": 1.6,
        "range": 3.25,

        "canSweep": true,
        "sweepRadius": 1.25,
        "sweepDamage": 2,

        "twoHandedLevel": 1,
		"createThdCopy": true,
        "twoHandedMinDamage": 2,
        "twoHandedMajDamage": 5,
        "twoHandedMinSpeed": 0.05,
        "twoHandedMajSpeed": 1
      },

      "adamantite_greatsword": {
        "dependencies": "enlightened_end",

        "tier": "Adamantite",

        "damage": 10.6,
        "speed": 1,
        "range": 3.5,

        "canSweep": true,
        "sweepRadius": 1.5,
        "sweepDamage": 5,

        "twoHandedLevel": 2,
        "twoHandedMajDamage": 6,
        "twoHandedMajSpeed": 0.4
      },

      "adamantite_longsword": {
        "dependencies": "enlightened_end",

        "tier": "Adamantite",

        "damage": 11.4,
        "speed": 1.1,
        "range": 3.5,

        "canSweep": true,
        "sweepRadius": 2,

        "twoHandedLevel": 2,
        "twoHandedMajDamage": 6,
        "twoHandedMajSpeed": 0.4
      },

      "adamantite_twinblade": {
        "dependencies": "enlightened_end",

        "tier": "Adamantite",

        "damage": 8.6,
        "speed": 1.7,
        "range": 3.5,

        "canSweep": true,

        "twoHandedLevel": 2,
        "twoHandedMajDamage": 6,
        "twoHandedMajSpeed": 0.4
      },

      "adamantite_zweihander": {
        "dependencies": "enlightened_end",

        "tier": "Adamantite",

        "damage": 11.2,
        "speed": 0.8,
        "range": 4,

        "canSweep": true,
        "sweepRadius": 2.5,
        "sweepDamage": 2,

        "twoHandedLevel": 2,
        "twoHandedMajDamage": 5,
        "twoHandedMajSpeed": 0.5
      },

      "adamantite_battle_axe": {
        "dependencies": "enlightened_end",

        "tier": "Adamantite",
        "weaponType": "Axe",

        "damage": 20.4,
        "speed": 0.5,
        "range": 3.25,

        "twoHandedLevel": 1,
		"createThdCopy": true,
        "twoHandedMinDamage": 1,
        "twoHandedMajDamage": 5,
        "twoHandedMinSpeed": 0.1,
        "twoHandedMajSpeed": 0.3
      },

      "adamantite_glaive": {
        "dependencies": "enlightened_end",

        "tier": "Adamantite",

        "damage": 13.2,
        "speed": 0.9,
        "range": 4,

        "canSweep": true,

        "twoHandedLevel": 2,
        "twoHandedMajDamage": 4,
        "twoHandedMajSpeed": 0.5
      },

      "adamantite_spear": {
        "dependencies": "enlightened_end",

        "tier": "Adamantite",

        "damage": 7.4,
        "speed": 1.1,
        "range": 4.2,

        "piercingAmount": 2,

        "twoHandedLevel": 1,
		"createThdCopy": true,
        "twoHandedMajDamage": 3,
        "twoHandedMinSpeed": 0.1,
        "twoHandedMajSpeed": 0.55
      },

      "adamantite_halberd": {
        "dependencies": "enlightened_end",

        "tier": "Adamantite",

        "damage": 14.6,
        "speed": 0.6,
        "range": 4.5,

        "piercingChance": 0.5,
        "piercingAmount": 4,
        "breachChance": 1,
        "breachTime": 1.5,

        "twoHandedLevel": 2,
        "twoHandedMajDamage": 5,
        "twoHandedMajSpeed": 0.2
      },

      "adamantite_pike": {
        "dependencies": "enlightened_end",

        "tier": "Adamantite",

        "damage": 12,
        "speed": 0.7,
        "range": 5,

        "piercingAmount": 2,

        "twoHandedLevel": 2,
        "twoHandedMajDamage": 4,
        "twoHandedMajSpeed": 0.3
      },

      "adamantite_throwing_knife": {
        "dependencies": "enlightened_end",
        "tier": "Adamantite",

        "damage": 5,
        "speed": 2.5,
        "range": 1.8,

        "invincibilityTime": 5,


        "throwingWeapon": {
          "damage": 9,
          "force": 1.5,
          "ammo": 8,

          "chargeTime": 8,
          "inaccuracy": 0.5,
          "weight": 1,
          "waterInertia": 0.7,

          "modelData": {
            "textureSize": "16X",
            "useAnim": "spear",
            "rotating": false,
            "horizontal": false
          }
        }
      },

      "adamantite_shuriken": {
        "dependencies": "enlightened_end",
        "tier": "Adamantite",

        "damage": 4,
        "speed": 2,
        "range": 1.8,

        "invincibilityTime": 5,

        "throwingWeapon": {
          "damage": 5.5,
          "force": 1.3,
          "ammo": 8,

          "chargeTime": 4,
          "inaccuracy": 4,
          "weight": 1,
          "waterInertia": 0.3,

          "modelData": {
            "textureSize": "16X",
            "useAnim": "spear",
            "rotating": true,
            "horizontal": false
          }
        }
      },

      "adamantite_chakram": {
        "dependencies": "enlightened_end",
        "tier": "Adamantite",

        "damage": 7,
        "speed": 1.7,
        "range": 2.25,

        "throwingWeapon": {
          "damage": 11,
          "force": 2.5,
          "ammo": 4,

          "chargeTime": 5,
          "inaccuracy": 1.5,
          "weight": 0.5,
          "waterInertia": 0.6,

          "modelData": {
            "textureSize": "16X",
            "useAnim": "spear",
            "rotating": true,
            "horizontal": true
          }
        }
      },

      "adamantite_javelin": {
        "dependencies": "enlightened_end",
        "tier": "Adamantite",

        "damage": 6,
        "speed": 1,
        "range": 4,

        "piercingAmount": 1,

        "throwingWeapon": {
          "damage": 13,
          "force": 3,
          "ammo": 4,

          "chargeTime": 15,
          "inaccuracy": 1,
          "weight": 1,
          "waterInertia": 0.7,

          "modelData": {
            "textureSize": "32X",
            "useAnim": "spear",
            "rotating": false,
            "horizontal": false
          }
        }
      }
    }
  }
}