{
  "active": true,
  "showOnlyOneTime": true,
  "chatMessage": false,
  "showCreator": true,
  "requireDifferentStructure": true,
  "continuousDisplay": false,
  "autoCalculateDuration": true,
  "textSize": 1.0,
  "labelColor": 11184810,
  "nameColor": 16777215,
  "displayDuration": 60,
  "displayPosition": "BOTTOM_CENTER",
  "displayOffsetX": 0,
  "displayOffsetY": 40,
  "customStructureName": {
    "minecraft:swamp_hut": "a_cat:cat_hut"
  },
  "dontShowAll": [
    "minecraft:",
    "dimdungeons:"
  ],
  "dontShow": [
    "minecraft:plains_village",
    "minecraft:desert_village",
    "born_in_chaos_v1:dark_tower_plain",
    "horror_element_mod:fortified_church",
    "graveyard:small_graveyard",
    "horror_element_mod:laboratory",
    "horror_element_mod:graveyard",
    "arphex:termite_hill",
    "graveyard:small_grave",
    "man:house",
    "dungeons_enhanced:sunken_shrine",
    "graveyard:small_mountain_grave",
    "horror_element_mod:entitytower",
    "horror_element_mod:deathcamp"
  ]
}